﻿Domain Code,Domain,Area Code (FAO),Area,Element Code,Element,Item Code,Item,Year Code,Year,Unit,Value,Flag,Flag Description
"IC","Credit to Agriculture","258","Anguilla","6110","Value US$","23019","Credit to Agriculture","2017","2017","millions","0.052222","","Official data"
"IC","Credit to Agriculture","258","Anguilla","6110","Value US$","23019","Credit to Agriculture","2018","2018","millions","0.021852","","Official data"
"IC","Credit to Agriculture","258","Anguilla","6110","Value US$","23019","Credit to Agriculture","2019","2019","millions","0.010741","","Official data"
"IC","Credit to Agriculture","8","Antigua and Barbuda","6110","Value US$","23019","Credit to Agriculture","2017","2017","millions","0.13963","","Official data"
"IC","Credit to Agriculture","8","Antigua and Barbuda","6110","Value US$","23019","Credit to Agriculture","2018","2018","millions","0.097778","","Official data"
"IC","Credit to Agriculture","8","Antigua and Barbuda","6110","Value US$","23019","Credit to Agriculture","2019","2019","millions","0.350741","","Official data"
"IC","Credit to Agriculture","9","Argentina","6110","Value US$","23019","Credit to Agriculture","2017","2017","millions","9773.985341","","Official data"
"IC","Credit to Agriculture","9","Argentina","6110","Value US$","23019","Credit to Agriculture","2018","2018","millions","8241.424702","","Official data"
"IC","Credit to Agriculture","9","Argentina","6110","Value US$","23019","Credit to Agriculture","2019","2019","millions","5965.021091","","Official data"
"IC","Credit to Agriculture","1","Armenia","6110","Value US$","23019","Credit to Agriculture","2017","2017","millions","272.409964","","Official data"
"IC","Credit to Agriculture","1","Armenia","6110","Value US$","23019","Credit to Agriculture","2018","2018","millions","282.036372","","Official data"
"IC","Credit to Agriculture","1","Armenia","6110","Value US$","23019","Credit to Agriculture","2019","2019","millions","314.887743","","Official data"
"IC","Credit to Agriculture","52","Azerbaijan","6110","Value US$","23019","Credit to Agriculture","2017","2017","millions","249.360911","","Official data"
"IC","Credit to Agriculture","52","Azerbaijan","6110","Value US$","23019","Credit to Agriculture","2018","2018","millions","276.470588","","Official data"
"IC","Credit to Agriculture","52","Azerbaijan","6110","Value US$","23019","Credit to Agriculture","2019","2019","millions","319.645203","","Official data"
"IC","Credit to Agriculture","14","Barbados","6110","Value US$","23019","Credit to Agriculture","2017","2017","millions","3.430802","","Official data"
"IC","Credit to Agriculture","14","Barbados","6110","Value US$","23019","Credit to Agriculture","2018","2018","millions","3.397182","","Official data"
"IC","Credit to Agriculture","14","Barbados","6110","Value US$","23019","Credit to Agriculture","2019","2019","millions","3.55134","","Official data"
"IC","Credit to Agriculture","23","Belize","6110","Value US$","23019","Credit to Agriculture","2017","2017","millions","120.2205","","Official data"
"IC","Credit to Agriculture","23","Belize","6110","Value US$","23019","Credit to Agriculture","2018","2018","millions","85.643","","Official data"
"IC","Credit to Agriculture","23","Belize","6110","Value US$","23019","Credit to Agriculture","2019","2019","millions","95.8305","","Official data"
"IC","Credit to Agriculture","53","Benin","6110","Value US$","23019","Credit to Agriculture","2017","2017","millions","36.97021","","Official data"
"IC","Credit to Agriculture","53","Benin","6110","Value US$","23019","Credit to Agriculture","2018","2018","millions","104.740961","","Official data"
"IC","Credit to Agriculture","53","Benin","6110","Value US$","23019","Credit to Agriculture","2019","2019","millions","69.108191","","Official data"
"IC","Credit to Agriculture","18","Bhutan","6110","Value US$","23019","Credit to Agriculture","2017","2017","millions","77.846675","","Official data"
"IC","Credit to Agriculture","18","Bhutan","6110","Value US$","23019","Credit to Agriculture","2018","2018","millions","82.364983","","Official data"
"IC","Credit to Agriculture","18","Bhutan","6110","Value US$","23019","Credit to Agriculture","2019","2019","millions","88.714854","","Official data"
"IC","Credit to Agriculture","19","Bolivia (Plurinational State of)","6110","Value US$","23019","Credit to Agriculture","2017","2017","millions","2050.224615","","Official data"
"IC","Credit to Agriculture","19","Bolivia (Plurinational State of)","6110","Value US$","23019","Credit to Agriculture","2018","2018","millions","2350.420353","","Official data"
"IC","Credit to Agriculture","19","Bolivia (Plurinational State of)","6110","Value US$","23019","Credit to Agriculture","2019","2019","millions","2575.898697","","Official data"
"IC","Credit to Agriculture","20","Botswana","6110","Value US$","23019","Credit to Agriculture","2017","2017","millions","118.601526","","Official data"
"IC","Credit to Agriculture","20","Botswana","6110","Value US$","23019","Credit to Agriculture","2018","2018","millions","118.620979","","Official data"
"IC","Credit to Agriculture","20","Botswana","6110","Value US$","23019","Credit to Agriculture","2019","2019","millions","139.237431","","Official data"
"IC","Credit to Agriculture","21","Brazil","6110","Value US$","23019","Credit to Agriculture","2017","2017","millions","8060.7257","","Official data"
"IC","Credit to Agriculture","21","Brazil","6110","Value US$","23019","Credit to Agriculture","2018","2018","millions","7118.889923","","Official data"
"IC","Credit to Agriculture","21","Brazil","6110","Value US$","23019","Credit to Agriculture","2019","2019","millions","6500.443656","","Official data"
"IC","Credit to Agriculture","233","Burkina Faso","6110","Value US$","23019","Credit to Agriculture","2017","2017","millions","163.960908","","Official data"
"IC","Credit to Agriculture","233","Burkina Faso","6110","Value US$","23019","Credit to Agriculture","2018","2018","millions","164.18683","","Official data"
"IC","Credit to Agriculture","233","Burkina Faso","6110","Value US$","23019","Credit to Agriculture","2019","2019","millions","154.566137","","Official data"
"IC","Credit to Agriculture","29","Burundi","6110","Value US$","23019","Credit to Agriculture","2017","2017","millions","10.418234","","Official data"
"IC","Credit to Agriculture","29","Burundi","6110","Value US$","23019","Credit to Agriculture","2018","2018","millions","9.937646","","Official data"
"IC","Credit to Agriculture","29","Burundi","6110","Value US$","23019","Credit to Agriculture","2019","2019","millions","11.345709","","Official data"
"IC","Credit to Agriculture","33","Canada","6110","Value US$","23019","Credit to Agriculture","2017","2017","millions","18990.521692","","Official data"
"IC","Credit to Agriculture","33","Canada","6110","Value US$","23019","Credit to Agriculture","2018","2018","millions","21070.381232","","Official data"
"IC","Credit to Agriculture","33","Canada","6110","Value US$","23019","Credit to Agriculture","2019","2019","millions","22753.787022","","Official data"
"IC","Credit to Agriculture","48","Costa Rica","6110","Value US$","23019","Credit to Agriculture","2017","2017","millions","1025.862628","","Official data"
"IC","Credit to Agriculture","48","Costa Rica","6110","Value US$","23019","Credit to Agriculture","2018","2018","millions","1051.285633","","Official data"
"IC","Credit to Agriculture","48","Costa Rica","6110","Value US$","23019","Credit to Agriculture","2019","2019","millions","1019.7634","","Official data"
"IC","Credit to Agriculture","107","C?te d'Ivoire","6110","Value US$","23019","Credit to Agriculture","2017","2017","millions","369.269828","","Official data"
"IC","Credit to Agriculture","107","C?te d'Ivoire","6110","Value US$","23019","Credit to Agriculture","2018","2018","millions","435.170624","","Official data"
"IC","Credit to Agriculture","107","C?te d'Ivoire","6110","Value US$","23019","Credit to Agriculture","2019","2019","millions","174.096407","","Official data"
"IC","Credit to Agriculture","167","Czechia","6110","Value US$","23019","Credit to Agriculture","2017","2017","millions","2368.698211","","Official data"
"IC","Credit to Agriculture","167","Czechia","6110","Value US$","23019","Credit to Agriculture","2018","2018","millions","2636.836801","","Official data"
"IC","Credit to Agriculture","250","Democratic Republic of the Congo","6110","Value US$","23019","Credit to Agriculture","2017","2017","millions","43.351696","","Official data"
"IC","Credit to Agriculture","250","Democratic Republic of the Congo","6110","Value US$","23019","Credit to Agriculture","2018","2018","millions","43.288741","","Official data"
"IC","Credit to Agriculture","55","Dominica","6110","Value US$","23019","Credit to Agriculture","2017","2017","millions","0.406667","","Official data"
"IC","Credit to Agriculture","55","Dominica","6110","Value US$","23019","Credit to Agriculture","2018","2018","millions","0.434815","","Official data"
"IC","Credit to Agriculture","55","Dominica","6110","Value US$","23019","Credit to Agriculture","2019","2019","millions","0.423704","","Official data"
"IC","Credit to Agriculture","59","Egypt","6110","Value US$","23019","Credit to Agriculture","2017","2017","millions","619.091804","","Official data"
"IC","Credit to Agriculture","59","Egypt","6110","Value US$","23019","Credit to Agriculture","2018","2018","millions","859.331468","","Official data"
"IC","Credit to Agriculture","238","Ethiopia","6110","Value US$","23019","Credit to Agriculture","2017","2017","millions","839.760162","","Official data"
"IC","Credit to Agriculture","238","Ethiopia","6110","Value US$","23019","Credit to Agriculture","2018","2018","millions","711.34622","","Official data"
"IC","Credit to Agriculture","238","Ethiopia","6110","Value US$","23019","Credit to Agriculture","2019","2019","millions","697.560074","","Official data"
"IC","Credit to Agriculture","75","Gambia","6110","Value US$","23019","Credit to Agriculture","2017","2017","millions","8.455506","","Official data"
"IC","Credit to Agriculture","75","Gambia","6110","Value US$","23019","Credit to Agriculture","2018","2018","millions","1.798498","","Official data"
"IC","Credit to Agriculture","84","Greece","6110","Value US$","23019","Credit to Agriculture","2017","2017","millions","1393.003841","","Official data"
"IC","Credit to Agriculture","84","Greece","6110","Value US$","23019","Credit to Agriculture","2018","2018","millions","1437.991261","","Official data"
"IC","Credit to Agriculture","84","Greece","6110","Value US$","23019","Credit to Agriculture","2019","2019","millions","1345.596371","","Official data"
"IC","Credit to Agriculture","86","Grenada","6110","Value US$","23019","Credit to Agriculture","2017","2017","millions","8.662222","","Official data"
"IC","Credit to Agriculture","86","Grenada","6110","Value US$","23019","Credit to Agriculture","2018","2018","millions","8.257037","","Official data"
"IC","Credit to Agriculture","86","Grenada","6110","Value US$","23019","Credit to Agriculture","2019","2019","millions","8.217778","","Official data"
"IC","Credit to Agriculture","175","Guinea-Bissau","6110","Value US$","23019","Credit to Agriculture","2017","2017","millions","0.412249","","Official data"
"IC","Credit to Agriculture","175","Guinea-Bissau","6110","Value US$","23019","Credit to Agriculture","2018","2018","millions","0.437542","","Official data"
"IC","Credit to Agriculture","91","Guyana","6110","Value US$","23019","Credit to Agriculture","2017","2017","millions","59.42615","","Official data"
"IC","Credit to Agriculture","91","Guyana","6110","Value US$","23019","Credit to Agriculture","2018","2018","millions","53.01307","","Official data"
"IC","Credit to Agriculture","91","Guyana","6110","Value US$","23019","Credit to Agriculture","2019","2019","millions","51.831175","","Official data"
"IC","Credit to Agriculture","100","India","6110","Value US$","23019","Credit to Agriculture","2017","2017","millions","152580.4895","","Official data"
"IC","Credit to Agriculture","100","India","6110","Value US$","23019","Credit to Agriculture","2018","2018","millions","164178.73075","","Official data"
"IC","Credit to Agriculture","100","India","6110","Value US$","23019","Credit to Agriculture","2019","2019","millions","167458.7434","","Official data"
"IC","Credit to Agriculture","101","Indonesia","6110","Value US$","23019","Credit to Agriculture","2017","2017","millions","24824.785823","","Official data"
"IC","Credit to Agriculture","101","Indonesia","6110","Value US$","23019","Credit to Agriculture","2018","2018","millions","26092.311733","","Official data"
"IC","Credit to Agriculture","101","Indonesia","6110","Value US$","23019","Credit to Agriculture","2019","2019","millions","27508.625603","","Official data"
"IC","Credit to Agriculture","104","Ireland","6110","Value US$","23019","Credit to Agriculture","2017","2017","millions","3872.57117","","Official data"
"IC","Credit to Agriculture","104","Ireland","6110","Value US$","23019","Credit to Agriculture","2018","2018","millions","4091.875295","","Official data"
"IC","Credit to Agriculture","104","Ireland","6110","Value US$","23019","Credit to Agriculture","2019","2019","millions","3787.658192","","Official data"
"IC","Credit to Agriculture","112","Jordan","6110","Value US$","23019","Credit to Agriculture","2017","2017","millions","475.211268","","Official data"
"IC","Credit to Agriculture","112","Jordan","6110","Value US$","23019","Credit to Agriculture","2018","2018","millions","474.225352","","Official data"
"IC","Credit to Agriculture","112","Jordan","6110","Value US$","23019","Credit to Agriculture","2019","2019","millions","473.943662","","Official data"
"IC","Credit to Agriculture","108","Kazakhstan","6110","Value US$","23019","Credit to Agriculture","2017","2017","millions","2132.54987","","Official data"
"IC","Credit to Agriculture","108","Kazakhstan","6110","Value US$","23019","Credit to Agriculture","2018","2018","millions","1420.597968","","Official data"
"IC","Credit to Agriculture","108","Kazakhstan","6110","Value US$","23019","Credit to Agriculture","2019","2019","millions","1328.427398","","Official data"
"IC","Credit to Agriculture","113","Kyrgyzstan","6110","Value US$","23019","Credit to Agriculture","2017","2017","millions","312.850836","","Official data"
"IC","Credit to Agriculture","113","Kyrgyzstan","6110","Value US$","23019","Credit to Agriculture","2018","2018","millions","343.84582","","Official data"
"IC","Credit to Agriculture","113","Kyrgyzstan","6110","Value US$","23019","Credit to Agriculture","2019","2019","millions","396.916298","","Official data"
"IC","Credit to Agriculture","121","Lebanon","6110","Value US$","23019","Credit to Agriculture","2017","2017","millions","785.236484","","Official data"
"IC","Credit to Agriculture","121","Lebanon","6110","Value US$","23019","Credit to Agriculture","2018","2018","millions","789.131012","","Official data"
"IC","Credit to Agriculture","122","Lesotho","6110","Value US$","23019","Credit to Agriculture","2017","2017","millions","1.274955","","Official data"
"IC","Credit to Agriculture","122","Lesotho","6110","Value US$","23019","Credit to Agriculture","2018","2018","millions","2.289119","","Official data"
"IC","Credit to Agriculture","122","Lesotho","6110","Value US$","23019","Credit to Agriculture","2019","2019","millions","2.02051","","Official data"
"IC","Credit to Agriculture","123","Liberia","6110","Value US$","23019","Credit to Agriculture","2017","2017","millions","23.954217","","Official data"
"IC","Credit to Agriculture","123","Liberia","6110","Value US$","23019","Credit to Agriculture","2018","2018","millions","27.834837","","Official data"
"IC","Credit to Agriculture","123","Liberia","6110","Value US$","23019","Credit to Agriculture","2019","2019","millions","18.473422","","Official data"
"IC","Credit to Agriculture","131","Malaysia","6110","Value US$","23019","Credit to Agriculture","2017","2017","millions","7771.413124","","Official data"
"IC","Credit to Agriculture","131","Malaysia","6110","Value US$","23019","Credit to Agriculture","2018","2018","millions","8042.423236","","Official data"
"IC","Credit to Agriculture","131","Malaysia","6110","Value US$","23019","Credit to Agriculture","2019","2019","millions","8150.872903","","Official data"
"IC","Credit to Agriculture","132","Maldives","6110","Value US$","23019","Credit to Agriculture","2017","2017","millions","0.173913","","Official data"
"IC","Credit to Agriculture","132","Maldives","6110","Value US$","23019","Credit to Agriculture","2018","2018","millions","0.151649","","Official data"
"IC","Credit to Agriculture","132","Maldives","6110","Value US$","23019","Credit to Agriculture","2019","2019","millions","0.125406","","Official data"
"IC","Credit to Agriculture","133","Mali","6110","Value US$","23019","Credit to Agriculture","2017","2017","millions","105.812953","","Official data"
"IC","Credit to Agriculture","133","Mali","6110","Value US$","23019","Credit to Agriculture","2018","2018","millions","128.640652","","Official data"
"IC","Credit to Agriculture","133","Mali","6110","Value US$","23019","Credit to Agriculture","2019","2019","millions","103.640314","","Official data"
"IC","Credit to Agriculture","142","Montserrat","6110","Value US$","23019","Credit to Agriculture","2017","2017","millions","0.004074","","Official data"
"IC","Credit to Agriculture","144","Mozambique","6110","Value US$","23019","Credit to Agriculture","2017","2017","millions","129.48751","","Official data"
"IC","Credit to Agriculture","144","Mozambique","6110","Value US$","23019","Credit to Agriculture","2018","2018","millions","126.146396","","Official data"
"IC","Credit to Agriculture","144","Mozambique","6110","Value US$","23019","Credit to Agriculture","2019","2019","millions","129.68138","","Official data"
"IC","Credit to Agriculture","149","Nepal","6110","Value US$","23019","Credit to Agriculture","2017","2017","millions","841.044513","","Official data"
"IC","Credit to Agriculture","149","Nepal","6110","Value US$","23019","Credit to Agriculture","2018","2018","millions","1059.453186","","Official data"
"IC","Credit to Agriculture","149","Nepal","6110","Value US$","23019","Credit to Agriculture","2019","2019","millions","1402.235158","","Official data"
"IC","Credit to Agriculture","158","Niger","6110","Value US$","23019","Credit to Agriculture","2017","2017","millions","14.032388","","Official data"
"IC","Credit to Agriculture","158","Niger","6110","Value US$","23019","Credit to Agriculture","2018","2018","millions","11.19591","","Official data"
"IC","Credit to Agriculture","158","Niger","6110","Value US$","23019","Credit to Agriculture","2019","2019","millions","11.015325","","Official data"
"IC","Credit to Agriculture","221","Oman","6110","Value US$","23019","Credit to Agriculture","2017","2017","millions","160.79844","","Official data"
"IC","Credit to Agriculture","221","Oman","6110","Value US$","23019","Credit to Agriculture","2018","2018","millions","138.158648","","Official data"
"IC","Credit to Agriculture","221","Oman","6110","Value US$","23019","Credit to Agriculture","2019","2019","millions","1105.06632","","Official data"
"IC","Credit to Agriculture","146","Republic of Moldova","6110","Value US$","23019","Credit to Agriculture","2017","2017","millions","134.436993","","Official data"
"IC","Credit to Agriculture","146","Republic of Moldova","6110","Value US$","23019","Credit to Agriculture","2018","2018","millions","160.080504","","Official data"
"IC","Credit to Agriculture","146","Republic of Moldova","6110","Value US$","23019","Credit to Agriculture","2019","2019","millions","173.007853","","Official data"
"IC","Credit to Agriculture","188","Saint Kitts and Nevis","6110","Value US$","23019","Credit to Agriculture","2017","2017","millions","0.451852","","Official data"
"IC","Credit to Agriculture","188","Saint Kitts and Nevis","6110","Value US$","23019","Credit to Agriculture","2018","2018","millions","0.487778","","Official data"
"IC","Credit to Agriculture","188","Saint Kitts and Nevis","6110","Value US$","23019","Credit to Agriculture","2019","2019","millions","0.48963","","Official data"
"IC","Credit to Agriculture","189","Saint Lucia","6110","Value US$","23019","Credit to Agriculture","2017","2017","millions","3.857037","","Official data"
"IC","Credit to Agriculture","189","Saint Lucia","6110","Value US$","23019","Credit to Agriculture","2018","2018","millions","3.435185","","Official data"
"IC","Credit to Agriculture","189","Saint Lucia","6110","Value US$","23019","Credit to Agriculture","2019","2019","millions","2.491852","","Official data"
"IC","Credit to Agriculture","191","Saint Vincent and the Grenadines","6110","Value US$","23019","Credit to Agriculture","2017","2017","millions","0.693704","","Official data"
"IC","Credit to Agriculture","191","Saint Vincent and the Grenadines","6110","Value US$","23019","Credit to Agriculture","2018","2018","millions","0.576667","","Official data"
"IC","Credit to Agriculture","191","Saint Vincent and the Grenadines","6110","Value US$","23019","Credit to Agriculture","2019","2019","millions","0.397037","","Official data"
"IC","Credit to Agriculture","195","Senegal","6110","Value US$","23019","Credit to Agriculture","2017","2017","millions","92.863821","","Official data"
"IC","Credit to Agriculture","195","Senegal","6110","Value US$","23019","Credit to Agriculture","2018","2018","millions","92.872296","","Official data"
"IC","Credit to Agriculture","195","Senegal","6110","Value US$","23019","Credit to Agriculture","2019","2019","millions","108.948287","","Official data"
"IC","Credit to Agriculture","196","Seychelles","6110","Value US$","23019","Credit to Agriculture","2017","2017","millions","9.320183","","Official data"
"IC","Credit to Agriculture","196","Seychelles","6110","Value US$","23019","Credit to Agriculture","2018","2018","millions","10.063906","","Official data"
"IC","Credit to Agriculture","196","Seychelles","6110","Value US$","23019","Credit to Agriculture","2019","2019","millions","10.289811","","Official data"
"IC","Credit to Agriculture","200","Singapore","6110","Value US$","23019","Credit to Agriculture","2017","2017","millions","2689.333044","","Official data"
"IC","Credit to Agriculture","200","Singapore","6110","Value US$","23019","Credit to Agriculture","2018","2018","millions","2353.870107","","Official data"
"IC","Credit to Agriculture","200","Singapore","6110","Value US$","23019","Credit to Agriculture","2019","2019","millions","1685.529981","","Official data"
"IC","Credit to Agriculture","38","Sri Lanka","6110","Value US$","23019","Credit to Agriculture","2017","2017","millions","2590.202196","","Official data"
"IC","Credit to Agriculture","38","Sri Lanka","6110","Value US$","23019","Credit to Agriculture","2018","2018","millions","2768.764207","","Official data"
"IC","Credit to Agriculture","38","Sri Lanka","6110","Value US$","23019","Credit to Agriculture","2019","2019","millions","2515.316521","","Official data"
"IC","Credit to Agriculture","207","Suriname","6110","Value US$","23019","Credit to Agriculture","2017","2017","millions","15.331811","","Official data"
"IC","Credit to Agriculture","207","Suriname","6110","Value US$","23019","Credit to Agriculture","2018","2018","millions","17.755444","","Official data"
"IC","Credit to Agriculture","208","Tajikistan","6110","Value US$","23019","Credit to Agriculture","2017","2017","millions","97.357802","","Official data"
"IC","Credit to Agriculture","208","Tajikistan","6110","Value US$","23019","Credit to Agriculture","2018","2018","millions","84.226768","","Official data"
"IC","Credit to Agriculture","208","Tajikistan","6110","Value US$","23019","Credit to Agriculture","2019","2019","millions","16.189457","","Official data"
"IC","Credit to Agriculture","216","Thailand","6110","Value US$","23019","Credit to Agriculture","2017","2017","millions","2767.95974","","Official data"
"IC","Credit to Agriculture","216","Thailand","6110","Value US$","23019","Credit to Agriculture","2018","2018","millions","2799.889818","","Official data"
"IC","Credit to Agriculture","216","Thailand","6110","Value US$","23019","Credit to Agriculture","2019","2019","millions","2793.452634","","Official data"
"IC","Credit to Agriculture","217","Togo","6110","Value US$","23019","Credit to Agriculture","2017","2017","millions","3.235991","","Official data"
"IC","Credit to Agriculture","217","Togo","6110","Value US$","23019","Credit to Agriculture","2018","2018","millions","2.183829","","Official data"
"IC","Credit to Agriculture","217","Togo","6110","Value US$","23019","Credit to Agriculture","2019","2019","millions","1.413184","","Official data"
"IC","Credit to Agriculture","220","Trinidad and Tobago","6110","Value US$","23019","Credit to Agriculture","2017","2017","millions","22.287779","","Official data"
"IC","Credit to Agriculture","220","Trinidad and Tobago","6110","Value US$","23019","Credit to Agriculture","2018","2018","millions","29.716277","","Official data"
"IC","Credit to Agriculture","223","Turkey","6110","Value US$","23019","Credit to Agriculture","2017","2017","millions","121.965407","","Official data"
"IC","Credit to Agriculture","223","Turkey","6110","Value US$","23019","Credit to Agriculture","2018","2018","millions","85.872132","","Official data"
"IC","Credit to Agriculture","223","Turkey","6110","Value US$","23019","Credit to Agriculture","2019","2019","millions","112.487751","","Official data"
"IC","Credit to Agriculture","226","Uganda","6110","Value US$","23019","Credit to Agriculture","2017","2017","millions","439.35928","","Official data"
"IC","Credit to Agriculture","226","Uganda","6110","Value US$","23019","Credit to Agriculture","2018","2018","millions","489.415133","","Official data"
"IC","Credit to Agriculture","226","Uganda","6110","Value US$","23019","Credit to Agriculture","2019","2019","millions","580.709384","","Official data"
"IC","Credit to Agriculture","225","United Arab Emirates","6110","Value US$","23019","Credit to Agriculture","2017","2017","millions","579.169503","","Official data"
"IC","Credit to Agriculture","225","United Arab Emirates","6110","Value US$","23019","Credit to Agriculture","2018","2018","millions","540.23145","","Official data"
"IC","Credit to Agriculture","225","United Arab Emirates","6110","Value US$","23019","Credit to Agriculture","2019","2019","millions","286.45337","","Official data"
"IC","Credit to Agriculture","229","United Kingdom of Great Britain and Northern Ireland","6110","Value US$","23019","Credit to Agriculture","2017","2017","millions","23539.253539","","Official data"
"IC","Credit to Agriculture","229","United Kingdom of Great Britain and Northern Ireland","6110","Value US$","23019","Credit to Agriculture","2018","2018","millions","25108.057631","","Official data"
"IC","Credit to Agriculture","229","United Kingdom of Great Britain and Northern Ireland","6110","Value US$","23019","Credit to Agriculture","2019","2019","millions","23936.686239","","Official data"
"IC","Credit to Agriculture","215","United Republic of Tanzania","6110","Value US$","23019","Credit to Agriculture","2017","2017","millions","509.148139","","Official data"
"IC","Credit to Agriculture","215","United Republic of Tanzania","6110","Value US$","23019","Credit to Agriculture","2018","2018","millions","420.925862","","Official data"
"IC","Credit to Agriculture","231","United States of America","6110","Value US$","23019","Credit to Agriculture","2017","2017","millions","77389","","Official data"
"IC","Credit to Agriculture","231","United States of America","6110","Value US$","23019","Credit to Agriculture","2018","2018","millions","78809","","Official data"
"IC","Credit to Agriculture","231","United States of America","6110","Value US$","23019","Credit to Agriculture","2019","2019","millions","75405","","Official data"
"IC","Credit to Agriculture","234","Uruguay","6110","Value US$","23019","Credit to Agriculture","2017","2017","millions","277.751183","","Official data"
"IC","Credit to Agriculture","234","Uruguay","6110","Value US$","23019","Credit to Agriculture","2018","2018","millions","260.212578","","Official data"
"IC","Credit to Agriculture","234","Uruguay","6110","Value US$","23019","Credit to Agriculture","2019","2019","millions","213.595765","","Official data"
"IC","Credit to Agriculture","155","Vanuatu","6110","Value US$","23019","Credit to Agriculture","2017","2017","millions","4.525101","","Official data"
"IC","Credit to Agriculture","155","Vanuatu","6110","Value US$","23019","Credit to Agriculture","2018","2018","millions","8.382629","","Official data"
"IC","Credit to Agriculture","155","Vanuatu","6110","Value US$","23019","Credit to Agriculture","2019","2019","millions","8.49691","","Official data"
"IC","Credit to Agriculture","181","Zimbabwe","6110","Value US$","23019","Credit to Agriculture","2017","2017","millions","489.695594","","Official data"
"IC","Credit to Agriculture","181","Zimbabwe","6110","Value US$","23019","Credit to Agriculture","2018","2018","millions","492.669935","","Official data"
"IC","Credit to Agriculture","181","Zimbabwe","6110","Value US$","23019","Credit to Agriculture","2019","2019","millions","3260.641294","","Official data"
