﻿Domain Code,Domain,Area Code (FAO),Area,Element Code,Element,Item Code (FAO),Item,Year Code,Year,Unit,Value,Flag,Flag Description
"QCL","Crops and livestock products","2","Afghanistan","5112","Stocks","1057","Chickens","2017","2017","1000 Head","13573","","Official data"
"QCL","Crops and livestock products","2","Afghanistan","5112","Stocks","1057","Chickens","2018","2018","1000 Head","14388","Im","FAO data based on imputation methodology"
"QCL","Crops and livestock products","2","Afghanistan","5112","Stocks","1057","Chickens","2019","2019","1000 Head","13760","Im","FAO data based on imputation methodology"
"QCL","Crops and livestock products","3","Albania","5112","Stocks","1057","Chickens","2017","2017","1000 Head","7835","","Official data"
"QCL","Crops and livestock products","3","Albania","5112","Stocks","1057","Chickens","2018","2018","1000 Head","7272","","Official data"
"QCL","Crops and livestock products","3","Albania","5112","Stocks","1057","Chickens","2019","2019","1000 Head","7090","","Official data"
"QCL","Crops and livestock products","4","Algeria","5112","Stocks","1057","Chickens","2017","2017","1000 Head","136595","Im","FAO data based on imputation methodology"
"QCL","Crops and livestock products","4","Algeria","5112","Stocks","1057","Chickens","2018","2018","1000 Head","135473","Im","FAO data based on imputation methodology"
"QCL","Crops and livestock products","4","Algeria","5112","Stocks","1057","Chickens","2019","2019","1000 Head","136376","Im","FAO data based on imputation methodology"
"QCL","Crops and livestock products","7","Angola","5112","Stocks","1057","Chickens","2017","2017","1000 Head","36500","F","FAO estimate"
"QCL","Crops and livestock products","7","Angola","5112","Stocks","1057","Chickens","2018","2018","1000 Head","37670","Im","FAO data based on imputation methodology"
"QCL","Crops and livestock products","7","Angola","5112","Stocks","1057","Chickens","2019","2019","1000 Head","44362","Im","FAO data based on imputation methodology"
"QCL","Crops and livestock products","8","Antigua and Barbuda","5112","Stocks","1057","Chickens","2017","2017","1000 Head","159","Im","FAO data based on imputation methodology"
"QCL","Crops and livestock products","8","Antigua and Barbuda","5112","Stocks","1057","Chickens","2018","2018","1000 Head","159","Im","FAO data based on imputation methodology"
"QCL","Crops and livestock products","8","Antigua and Barbuda","5112","Stocks","1057","Chickens","2019","2019","1000 Head","160","Im","FAO data based on imputation methodology"
"QCL","Crops and livestock products","9","Argentina","5112","Stocks","1057","Chickens","2017","2017","1000 Head","118300","","Official data"
"QCL","Crops and livestock products","9","Argentina","5112","Stocks","1057","Chickens","2018","2018","1000 Head","113604","","Official data"
"QCL","Crops and livestock products","9","Argentina","5112","Stocks","1057","Chickens","2019","2019","1000 Head","118457","","Official data"
"QCL","Crops and livestock products","1","Armenia","5112","Stocks","1057","Chickens","2017","2017","1000 Head","3814","","Official data"
"QCL","Crops and livestock products","1","Armenia","5112","Stocks","1057","Chickens","2018","2018","1000 Head","4406","","Official data"
"QCL","Crops and livestock products","1","Armenia","5112","Stocks","1057","Chickens","2019","2019","1000 Head","4152","","Official data"
"QCL","Crops and livestock products","10","Australia","5112","Stocks","1057","Chickens","2017","2017","1000 Head","95012","","Official data"
"QCL","Crops and livestock products","10","Australia","5112","Stocks","1057","Chickens","2018","2018","1000 Head","99784","","Official data"
"QCL","Crops and livestock products","10","Australia","5112","Stocks","1057","Chickens","2019","2019","1000 Head","111924","","Official data"
"QCL","Crops and livestock products","11","Austria","5112","Stocks","1057","Chickens","2017","2017","1000 Head","16736","Im","FAO data based on imputation methodology"
"QCL","Crops and livestock products","52","Azerbaijan","5112","Stocks","1057","Chickens","2017","2017","1000 Head","30473","","Official data"
"QCL","Crops and livestock products","52","Azerbaijan","5112","Stocks","1057","Chickens","2018","2018","1000 Head","30498","","Official data"
"QCL","Crops and livestock products","52","Azerbaijan","5112","Stocks","1057","Chickens","2019","2019","1000 Head","32230","","Official data"
"QCL","Crops and livestock products","12","Bahamas","5112","Stocks","1057","Chickens","2017","2017","1000 Head","3107","Im","FAO data based on imputation methodology"
"QCL","Crops and livestock products","12","Bahamas","5112","Stocks","1057","Chickens","2018","2018","1000 Head","3175","Im","FAO data based on imputation methodology"
"QCL","Crops and livestock products","12","Bahamas","5112","Stocks","1057","Chickens","2019","2019","1000 Head","3181","Im","FAO data based on imputation methodology"
"QCL","Crops and livestock products","13","Bahrain","5112","Stocks","1057","Chickens","2017","2017","1000 Head","9134","","Official data"
"QCL","Crops and livestock products","13","Bahrain","5112","Stocks","1057","Chickens","2018","2018","1000 Head","9739","","Official data"
"QCL","Crops and livestock products","13","Bahrain","5112","Stocks","1057","Chickens","2019","2019","1000 Head","9838","","Official data"
"QCL","Crops and livestock products","16","Bangladesh","5112","Stocks","1057","Chickens","2017","2017","1000 Head","275183","","Official data"
"QCL","Crops and livestock products","16","Bangladesh","5112","Stocks","1057","Chickens","2018","2018","1000 Head","282145","","Official data"
"QCL","Crops and livestock products","16","Bangladesh","5112","Stocks","1057","Chickens","2019","2019","1000 Head","286903","","Official data"
"QCL","Crops and livestock products","14","Barbados","5112","Stocks","1057","Chickens","2017","2017","1000 Head","4871","Im","FAO data based on imputation methodology"
"QCL","Crops and livestock products","14","Barbados","5112","Stocks","1057","Chickens","2018","2018","1000 Head","4186","Im","FAO data based on imputation methodology"
"QCL","Crops and livestock products","14","Barbados","5112","Stocks","1057","Chickens","2019","2019","1000 Head","4240","Im","FAO data based on imputation methodology"
"QCL","Crops and livestock products","57","Belarus","5112","Stocks","1057","Chickens","2017","2017","1000 Head","46000","F","FAO estimate"
"QCL","Crops and livestock products","57","Belarus","5112","Stocks","1057","Chickens","2018","2018","1000 Head","45710","Im","FAO data based on imputation methodology"
"QCL","Crops and livestock products","57","Belarus","5112","Stocks","1057","Chickens","2019","2019","1000 Head","45915","Im","FAO data based on imputation methodology"
"QCL","Crops and livestock products","255","Belgium","5112","Stocks","1057","Chickens","2017","2017","1000 Head","26905","","Official data"
"QCL","Crops and livestock products","255","Belgium","5112","Stocks","1057","Chickens","2018","2018","1000 Head","32327","","Official data"
"QCL","Crops and livestock products","23","Belize","5112","Stocks","1057","Chickens","2017","2017","1000 Head","1638","Im","FAO data based on imputation methodology"
"QCL","Crops and livestock products","23","Belize","5112","Stocks","1057","Chickens","2018","2018","1000 Head","1645","Im","FAO data based on imputation methodology"
"QCL","Crops and livestock products","23","Belize","5112","Stocks","1057","Chickens","2019","2019","1000 Head","1657","Im","FAO data based on imputation methodology"
"QCL","Crops and livestock products","53","Benin","5112","Stocks","1057","Chickens","2017","2017","1000 Head","20643","","Official data"
"QCL","Crops and livestock products","53","Benin","5112","Stocks","1057","Chickens","2018","2018","1000 Head","21304","","Official data"
"QCL","Crops and livestock products","53","Benin","5112","Stocks","1057","Chickens","2019","2019","1000 Head","21986","","Official data"
"QCL","Crops and livestock products","18","Bhutan","5112","Stocks","1057","Chickens","2017","2017","1000 Head","1068","","Official data"
"QCL","Crops and livestock products","18","Bhutan","5112","Stocks","1057","Chickens","2018","2018","1000 Head","1145","","Official data"
"QCL","Crops and livestock products","18","Bhutan","5112","Stocks","1057","Chickens","2019","2019","1000 Head","1300","","Official data"
"QCL","Crops and livestock products","19","Bolivia (Plurinational State of)","5112","Stocks","1057","Chickens","2017","2017","1000 Head","220304","Im","FAO data based on imputation methodology"
"QCL","Crops and livestock products","19","Bolivia (Plurinational State of)","5112","Stocks","1057","Chickens","2018","2018","1000 Head","223726","Im","FAO data based on imputation methodology"
"QCL","Crops and livestock products","19","Bolivia (Plurinational State of)","5112","Stocks","1057","Chickens","2019","2019","1000 Head","229646","Im","FAO data based on imputation methodology"
"QCL","Crops and livestock products","80","Bosnia and Herzegovina","5112","Stocks","1057","Chickens","2017","2017","1000 Head","16282","","Official data"
"QCL","Crops and livestock products","80","Bosnia and Herzegovina","5112","Stocks","1057","Chickens","2018","2018","1000 Head","16229","","Official data"
"QCL","Crops and livestock products","80","Bosnia and Herzegovina","5112","Stocks","1057","Chickens","2019","2019","1000 Head","16669","","Official data"
"QCL","Crops and livestock products","20","Botswana","5112","Stocks","1057","Chickens","2017","2017","1000 Head","710","","Official data"
"QCL","Crops and livestock products","20","Botswana","5112","Stocks","1057","Chickens","2018","2018","1000 Head","807","Im","FAO data based on imputation methodology"
"QCL","Crops and livestock products","20","Botswana","5112","Stocks","1057","Chickens","2019","2019","1000 Head","822","Im","FAO data based on imputation methodology"
"QCL","Crops and livestock products","21","Brazil","5112","Stocks","1057","Chickens","2017","2017","1000 Head","1426659","","Official data"
"QCL","Crops and livestock products","21","Brazil","5112","Stocks","1057","Chickens","2018","2018","1000 Head","1465647","","Official data"
"QCL","Crops and livestock products","21","Brazil","5112","Stocks","1057","Chickens","2019","2019","1000 Head","1457697","","Official data"
"QCL","Crops and livestock products","26","Brunei Darussalam","5112","Stocks","1057","Chickens","2017","2017","1000 Head","17051","","Official data"
"QCL","Crops and livestock products","26","Brunei Darussalam","5112","Stocks","1057","Chickens","2018","2018","1000 Head","18397","","Official data"
"QCL","Crops and livestock products","26","Brunei Darussalam","5112","Stocks","1057","Chickens","2019","2019","1000 Head","16983","","Official data"
"QCL","Crops and livestock products","27","Bulgaria","5112","Stocks","1057","Chickens","2017","2017","1000 Head","17738","","Official data"
"QCL","Crops and livestock products","27","Bulgaria","5112","Stocks","1057","Chickens","2018","2018","1000 Head","18830","","Official data"
"QCL","Crops and livestock products","27","Bulgaria","5112","Stocks","1057","Chickens","2019","2019","1000 Head","20793","","Official data"
"QCL","Crops and livestock products","233","Burkina Faso","5112","Stocks","1057","Chickens","2017","2017","1000 Head","36882","","Official data"
"QCL","Crops and livestock products","233","Burkina Faso","5112","Stocks","1057","Chickens","2018","2018","1000 Head","37988","","Official data"
"QCL","Crops and livestock products","233","Burkina Faso","5112","Stocks","1057","Chickens","2019","2019","1000 Head","38932","Im","FAO data based on imputation methodology"
"QCL","Crops and livestock products","29","Burundi","5112","Stocks","1057","Chickens","2017","2017","1000 Head","2300","F","FAO estimate"
"QCL","Crops and livestock products","29","Burundi","5112","Stocks","1057","Chickens","2018","2018","1000 Head","2850","F","FAO estimate"
"QCL","Crops and livestock products","29","Burundi","5112","Stocks","1057","Chickens","2019","2019","1000 Head","2664","Im","FAO data based on imputation methodology"
"QCL","Crops and livestock products","35","Cabo Verde","5112","Stocks","1057","Chickens","2017","2017","1000 Head","1000","F","FAO estimate"
"QCL","Crops and livestock products","35","Cabo Verde","5112","Stocks","1057","Chickens","2018","2018","1000 Head","1000","F","FAO estimate"
"QCL","Crops and livestock products","35","Cabo Verde","5112","Stocks","1057","Chickens","2019","2019","1000 Head","1000","Im","FAO data based on imputation methodology"
"QCL","Crops and livestock products","115","Cambodia","5112","Stocks","1057","Chickens","2017","2017","1000 Head","13152","Im","FAO data based on imputation methodology"
"QCL","Crops and livestock products","115","Cambodia","5112","Stocks","1057","Chickens","2018","2018","1000 Head","13200","F","FAO estimate"
"QCL","Crops and livestock products","115","Cambodia","5112","Stocks","1057","Chickens","2019","2019","1000 Head","13200","Im","FAO data based on imputation methodology"
"QCL","Crops and livestock products","32","Cameroon","5112","Stocks","1057","Chickens","2017","2017","1000 Head","51100","F","FAO estimate"
"QCL","Crops and livestock products","32","Cameroon","5112","Stocks","1057","Chickens","2018","2018","1000 Head","52745","Im","FAO data based on imputation methodology"
"QCL","Crops and livestock products","32","Cameroon","5112","Stocks","1057","Chickens","2019","2019","1000 Head","55405","Im","FAO data based on imputation methodology"
"QCL","Crops and livestock products","33","Canada","5112","Stocks","1057","Chickens","2017","2017","1000 Head","170203","Im","FAO data based on imputation methodology"
"QCL","Crops and livestock products","33","Canada","5112","Stocks","1057","Chickens","2018","2018","1000 Head","170360","Im","FAO data based on imputation methodology"
"QCL","Crops and livestock products","33","Canada","5112","Stocks","1057","Chickens","2019","2019","1000 Head","171039","Im","FAO data based on imputation methodology"
"QCL","Crops and livestock products","37","Central African Republic","5112","Stocks","1057","Chickens","2017","2017","1000 Head","6829","Im","FAO data based on imputation methodology"
"QCL","Crops and livestock products","37","Central African Republic","5112","Stocks","1057","Chickens","2018","2018","1000 Head","6957","Im","FAO data based on imputation methodology"
"QCL","Crops and livestock products","37","Central African Republic","5112","Stocks","1057","Chickens","2019","2019","1000 Head","7112","Im","FAO data based on imputation methodology"
"QCL","Crops and livestock products","39","Chad","5112","Stocks","1057","Chickens","2017","2017","1000 Head","6154","Im","FAO data based on imputation methodology"
"QCL","Crops and livestock products","39","Chad","5112","Stocks","1057","Chickens","2018","2018","1000 Head","6219","Im","FAO data based on imputation methodology"
"QCL","Crops and livestock products","39","Chad","5112","Stocks","1057","Chickens","2019","2019","1000 Head","6285","Im","FAO data based on imputation methodology"
"QCL","Crops and livestock products","40","Chile","5112","Stocks","1057","Chickens","2017","2017","1000 Head","109973","","Official data"
"QCL","Crops and livestock products","40","Chile","5112","Stocks","1057","Chickens","2018","2018","1000 Head","110261","","Official data"
"QCL","Crops and livestock products","40","Chile","5112","Stocks","1057","Chickens","2019","2019","1000 Head","114437","","Official data"
"QCL","Crops and livestock products","351","China","5112","Stocks","1057","Chickens","2017","2017","1000 Head","5139749","A","Aggregate, may include official, semi-official, estimated or calculated data"
"QCL","Crops and livestock products","351","China","5112","Stocks","1057","Chickens","2018","2018","1000 Head","5115831","A","Aggregate, may include official, semi-official, estimated or calculated data"
"QCL","Crops and livestock products","351","China","5112","Stocks","1057","Chickens","2019","2019","1000 Head","5157248","A","Aggregate, may include official, semi-official, estimated or calculated data"
"QCL","Crops and livestock products","96","China, Hong Kong SAR","5112","Stocks","1057","Chickens","2017","2017","1000 Head","1300","F","FAO estimate"
"QCL","Crops and livestock products","96","China, Hong Kong SAR","5112","Stocks","1057","Chickens","2018","2018","1000 Head","1313","Im","FAO data based on imputation methodology"
"QCL","Crops and livestock products","96","China, Hong Kong SAR","5112","Stocks","1057","Chickens","2019","2019","1000 Head","1389","Im","FAO data based on imputation methodology"
"QCL","Crops and livestock products","128","China, Macao SAR","5112","Stocks","1057","Chickens","2017","2017","1000 Head","745","Im","FAO data based on imputation methodology"
"QCL","Crops and livestock products","128","China, Macao SAR","5112","Stocks","1057","Chickens","2018","2018","1000 Head","754","Im","FAO data based on imputation methodology"
"QCL","Crops and livestock products","128","China, Macao SAR","5112","Stocks","1057","Chickens","2019","2019","1000 Head","765","Im","FAO data based on imputation methodology"
"QCL","Crops and livestock products","41","China, mainland","5112","Stocks","1057","Chickens","2017","2017","1000 Head","5043057","Im","FAO data based on imputation methodology"
"QCL","Crops and livestock products","41","China, mainland","5112","Stocks","1057","Chickens","2018","2018","1000 Head","5017763","Im","FAO data based on imputation methodology"
"QCL","Crops and livestock products","41","China, mainland","5112","Stocks","1057","Chickens","2019","2019","1000 Head","5056427","Im","FAO data based on imputation methodology"
"QCL","Crops and livestock products","214","China, Taiwan Province of","5112","Stocks","1057","Chickens","2017","2017","1000 Head","94647","","Official data"
"QCL","Crops and livestock products","214","China, Taiwan Province of","5112","Stocks","1057","Chickens","2018","2018","1000 Head","96001","","Official data"
"QCL","Crops and livestock products","214","China, Taiwan Province of","5112","Stocks","1057","Chickens","2019","2019","1000 Head","98667","","Official data"
"QCL","Crops and livestock products","44","Colombia","5112","Stocks","1057","Chickens","2017","2017","1000 Head","163830","","Official data"
"QCL","Crops and livestock products","44","Colombia","5112","Stocks","1057","Chickens","2018","2018","1000 Head","173488","","Official data"
"QCL","Crops and livestock products","44","Colombia","5112","Stocks","1057","Chickens","2019","2019","1000 Head","187499","","Official data"
"QCL","Crops and livestock products","45","Comoros","5112","Stocks","1057","Chickens","2017","2017","1000 Head","541","Im","FAO data based on imputation methodology"
"QCL","Crops and livestock products","45","Comoros","5112","Stocks","1057","Chickens","2018","2018","1000 Head","540","Im","FAO data based on imputation methodology"
"QCL","Crops and livestock products","45","Comoros","5112","Stocks","1057","Chickens","2019","2019","1000 Head","543","Im","FAO data based on imputation methodology"
"QCL","Crops and livestock products","46","Congo","5112","Stocks","1057","Chickens","2017","2017","1000 Head","2969","Im","FAO data based on imputation methodology"
"QCL","Crops and livestock products","46","Congo","5112","Stocks","1057","Chickens","2018","2018","1000 Head","2981","Im","FAO data based on imputation methodology"
"QCL","Crops and livestock products","46","Congo","5112","Stocks","1057","Chickens","2019","2019","1000 Head","2937","Im","FAO data based on imputation methodology"
"QCL","Crops and livestock products","47","Cook Islands","5112","Stocks","1057","Chickens","2017","2017","1000 Head","19","Im","FAO data based on imputation methodology"
"QCL","Crops and livestock products","47","Cook Islands","5112","Stocks","1057","Chickens","2018","2018","1000 Head","19","Im","FAO data based on imputation methodology"
"QCL","Crops and livestock products","47","Cook Islands","5112","Stocks","1057","Chickens","2019","2019","1000 Head","18","Im","FAO data based on imputation methodology"
"QCL","Crops and livestock products","48","Costa Rica","5112","Stocks","1057","Chickens","2017","2017","1000 Head","24383","Im","FAO data based on imputation methodology"
"QCL","Crops and livestock products","48","Costa Rica","5112","Stocks","1057","Chickens","2018","2018","1000 Head","24310","Im","FAO data based on imputation methodology"
"QCL","Crops and livestock products","48","Costa Rica","5112","Stocks","1057","Chickens","2019","2019","1000 Head","24401","Im","FAO data based on imputation methodology"
"QCL","Crops and livestock products","107","C?te d'Ivoire","5112","Stocks","1057","Chickens","2017","2017","1000 Head","72697","Im","FAO data based on imputation methodology"
"QCL","Crops and livestock products","107","C?te d'Ivoire","5112","Stocks","1057","Chickens","2018","2018","1000 Head","76397","","Official data"
"QCL","Crops and livestock products","107","C?te d'Ivoire","5112","Stocks","1057","Chickens","2019","2019","1000 Head","80814","","Official data"
"QCL","Crops and livestock products","98","Croatia","5112","Stocks","1057","Chickens","2017","2017","1000 Head","9840","","Official data"
"QCL","Crops and livestock products","98","Croatia","5112","Stocks","1057","Chickens","2018","2018","1000 Head","10881","","Official data"
"QCL","Crops and livestock products","98","Croatia","5112","Stocks","1057","Chickens","2019","2019","1000 Head","12162","","Official data"
"QCL","Crops and livestock products","49","Cuba","5112","Stocks","1057","Chickens","2017","2017","1000 Head","25635","","Official data"
"QCL","Crops and livestock products","49","Cuba","5112","Stocks","1057","Chickens","2018","2018","1000 Head","25614","","Official data"
"QCL","Crops and livestock products","49","Cuba","5112","Stocks","1057","Chickens","2019","2019","1000 Head","35356","","Official data"
"QCL","Crops and livestock products","50","Cyprus","5112","Stocks","1057","Chickens","2017","2017","1000 Head","2495","","Official data"
"QCL","Crops and livestock products","50","Cyprus","5112","Stocks","1057","Chickens","2018","2018","1000 Head","2898","","Official data"
"QCL","Crops and livestock products","50","Cyprus","5112","Stocks","1057","Chickens","2019","2019","1000 Head","2758","","Official data"
"QCL","Crops and livestock products","167","Czechia","5112","Stocks","1057","Chickens","2017","2017","1000 Head","20587","","Official data"
"QCL","Crops and livestock products","167","Czechia","5112","Stocks","1057","Chickens","2018","2018","1000 Head","22428","","Official data"
"QCL","Crops and livestock products","167","Czechia","5112","Stocks","1057","Chickens","2019","2019","1000 Head","21844","","Official data"
"QCL","Crops and livestock products","116","Democratic People's Republic of Korea","5112","Stocks","1057","Chickens","2017","2017","1000 Head","15393","","Official data"
"QCL","Crops and livestock products","116","Democratic People's Republic of Korea","5112","Stocks","1057","Chickens","2018","2018","1000 Head","15121","","Official data"
"QCL","Crops and livestock products","116","Democratic People's Republic of Korea","5112","Stocks","1057","Chickens","2019","2019","1000 Head","15770","","Official data"
"QCL","Crops and livestock products","250","Democratic Republic of the Congo","5112","Stocks","1057","Chickens","2017","2017","1000 Head","18395","","Official data"
"QCL","Crops and livestock products","250","Democratic Republic of the Congo","5112","Stocks","1057","Chickens","2018","2018","1000 Head","18443","","Official data"
"QCL","Crops and livestock products","250","Democratic Republic of the Congo","5112","Stocks","1057","Chickens","2019","2019","1000 Head","18558","","Official data"
"QCL","Crops and livestock products","54","Denmark","5112","Stocks","1057","Chickens","2017","2017","1000 Head","20733","","Official data"
"QCL","Crops and livestock products","54","Denmark","5112","Stocks","1057","Chickens","2018","2018","1000 Head","19351","","Official data"
"QCL","Crops and livestock products","54","Denmark","5112","Stocks","1057","Chickens","2019","2019","1000 Head","22463","","Official data"
"QCL","Crops and livestock products","55","Dominica","5112","Stocks","1057","Chickens","2017","2017","1000 Head","200","Im","FAO data based on imputation methodology"
"QCL","Crops and livestock products","55","Dominica","5112","Stocks","1057","Chickens","2018","2018","1000 Head","200","Im","FAO data based on imputation methodology"
"QCL","Crops and livestock products","55","Dominica","5112","Stocks","1057","Chickens","2019","2019","1000 Head","200","Im","FAO data based on imputation methodology"
"QCL","Crops and livestock products","56","Dominican Republic","5112","Stocks","1057","Chickens","2017","2017","1000 Head","184000","F","FAO estimate"
"QCL","Crops and livestock products","56","Dominican Republic","5112","Stocks","1057","Chickens","2018","2018","1000 Head","184131","Im","FAO data based on imputation methodology"
"QCL","Crops and livestock products","56","Dominican Republic","5112","Stocks","1057","Chickens","2019","2019","1000 Head","179594","Im","FAO data based on imputation methodology"
"QCL","Crops and livestock products","58","Ecuador","5112","Stocks","1057","Chickens","2017","2017","1000 Head","160556","","Official data"
"QCL","Crops and livestock products","58","Ecuador","5112","Stocks","1057","Chickens","2018","2018","1000 Head","158473","","Official data"
"QCL","Crops and livestock products","58","Ecuador","5112","Stocks","1057","Chickens","2019","2019","1000 Head","159676","Im","FAO data based on imputation methodology"
"QCL","Crops and livestock products","59","Egypt","5112","Stocks","1057","Chickens","2017","2017","1000 Head","159906","Im","FAO data based on imputation methodology"
"QCL","Crops and livestock products","59","Egypt","5112","Stocks","1057","Chickens","2018","2018","1000 Head","167186","Im","FAO data based on imputation methodology"
"QCL","Crops and livestock products","59","Egypt","5112","Stocks","1057","Chickens","2019","2019","1000 Head","174025","Im","FAO data based on imputation methodology"
"QCL","Crops and livestock products","60","El Salvador","5112","Stocks","1057","Chickens","2017","2017","1000 Head","17275","Im","FAO data based on imputation methodology"
"QCL","Crops and livestock products","60","El Salvador","5112","Stocks","1057","Chickens","2018","2018","1000 Head","17503","Im","FAO data based on imputation methodology"
"QCL","Crops and livestock products","60","El Salvador","5112","Stocks","1057","Chickens","2019","2019","1000 Head","17818","Im","FAO data based on imputation methodology"
"QCL","Crops and livestock products","61","Equatorial Guinea","5112","Stocks","1057","Chickens","2017","2017","1000 Head","371","Im","FAO data based on imputation methodology"
"QCL","Crops and livestock products","61","Equatorial Guinea","5112","Stocks","1057","Chickens","2018","2018","1000 Head","374","Im","FAO data based on imputation methodology"
"QCL","Crops and livestock products","61","Equatorial Guinea","5112","Stocks","1057","Chickens","2019","2019","1000 Head","378","Im","FAO data based on imputation methodology"
"QCL","Crops and livestock products","178","Eritrea","5112","Stocks","1057","Chickens","2017","2017","1000 Head","1277","Im","FAO data based on imputation methodology"
"QCL","Crops and livestock products","178","Eritrea","5112","Stocks","1057","Chickens","2018","2018","1000 Head","1239","Im","FAO data based on imputation methodology"
"QCL","Crops and livestock products","178","Eritrea","5112","Stocks","1057","Chickens","2019","2019","1000 Head","1197","Im","FAO data based on imputation methodology"
"QCL","Crops and livestock products","63","Estonia","5112","Stocks","1057","Chickens","2017","2017","1000 Head","2195","","Official data"
"QCL","Crops and livestock products","63","Estonia","5112","Stocks","1057","Chickens","2018","2018","1000 Head","2059","","Official data"
"QCL","Crops and livestock products","63","Estonia","5112","Stocks","1057","Chickens","2019","2019","1000 Head","2080","","Official data"
"QCL","Crops and livestock products","209","Eswatini","5112","Stocks","1057","Chickens","2017","2017","1000 Head","3825","Im","FAO data based on imputation methodology"
"QCL","Crops and livestock products","209","Eswatini","5112","Stocks","1057","Chickens","2018","2018","1000 Head","3822","Im","FAO data based on imputation methodology"
"QCL","Crops and livestock products","209","Eswatini","5112","Stocks","1057","Chickens","2019","2019","1000 Head","3846","Im","FAO data based on imputation methodology"
"QCL","Crops and livestock products","238","Ethiopia","5112","Stocks","1057","Chickens","2017","2017","1000 Head","56056","","Official data"
"QCL","Crops and livestock products","238","Ethiopia","5112","Stocks","1057","Chickens","2018","2018","1000 Head","59420","","Official data"
"QCL","Crops and livestock products","238","Ethiopia","5112","Stocks","1057","Chickens","2019","2019","1000 Head","48956","","Official data"
"QCL","Crops and livestock products","66","Fiji","5112","Stocks","1057","Chickens","2017","2017","1000 Head","5282","Im","FAO data based on imputation methodology"
"QCL","Crops and livestock products","66","Fiji","5112","Stocks","1057","Chickens","2018","2018","1000 Head","5328","Im","FAO data based on imputation methodology"
"QCL","Crops and livestock products","66","Fiji","5112","Stocks","1057","Chickens","2019","2019","1000 Head","5403","Im","FAO data based on imputation methodology"
"QCL","Crops and livestock products","67","Finland","5112","Stocks","1057","Chickens","2017","2017","1000 Head","8520","","Official data"
"QCL","Crops and livestock products","67","Finland","5112","Stocks","1057","Chickens","2018","2018","1000 Head","9205","","Official data"
"QCL","Crops and livestock products","67","Finland","5112","Stocks","1057","Chickens","2019","2019","1000 Head","9506","","Official data"
"QCL","Crops and livestock products","68","France","5112","Stocks","1057","Chickens","2017","2017","1000 Head","244774","","Official data"
"QCL","Crops and livestock products","68","France","5112","Stocks","1057","Chickens","2018","2018","1000 Head","239290","","Official data"
"QCL","Crops and livestock products","68","France","5112","Stocks","1057","Chickens","2019","2019","1000 Head","237864","","Official data"
"QCL","Crops and livestock products","70","French Polynesia","5112","Stocks","1057","Chickens","2017","2017","1000 Head","312","Im","FAO data based on imputation methodology"
"QCL","Crops and livestock products","70","French Polynesia","5112","Stocks","1057","Chickens","2018","2018","1000 Head","316","Im","FAO data based on imputation methodology"
"QCL","Crops and livestock products","70","French Polynesia","5112","Stocks","1057","Chickens","2019","2019","1000 Head","321","Im","FAO data based on imputation methodology"
"QCL","Crops and livestock products","74","Gabon","5112","Stocks","1057","Chickens","2017","2017","1000 Head","3211","Im","FAO data based on imputation methodology"
"QCL","Crops and livestock products","74","Gabon","5112","Stocks","1057","Chickens","2018","2018","1000 Head","3221","Im","FAO data based on imputation methodology"
"QCL","Crops and livestock products","74","Gabon","5112","Stocks","1057","Chickens","2019","2019","1000 Head","3232","Im","FAO data based on imputation methodology"
"QCL","Crops and livestock products","75","Gambia","5112","Stocks","1057","Chickens","2017","2017","1000 Head","1360","F","FAO estimate"
"QCL","Crops and livestock products","75","Gambia","5112","Stocks","1057","Chickens","2018","2018","1000 Head","1380","Im","FAO data based on imputation methodology"
"QCL","Crops and livestock products","75","Gambia","5112","Stocks","1057","Chickens","2019","2019","1000 Head","1445","Im","FAO data based on imputation methodology"
"QCL","Crops and livestock products","73","Georgia","5112","Stocks","1057","Chickens","2017","2017","1000 Head","8046","","Official data"
"QCL","Crops and livestock products","73","Georgia","5112","Stocks","1057","Chickens","2018","2018","1000 Head","8220","","Official data"
"QCL","Crops and livestock products","73","Georgia","5112","Stocks","1057","Chickens","2019","2019","1000 Head","7942","","Official data"
"QCL","Crops and livestock products","79","Germany","5112","Stocks","1057","Chickens","2017","2017","1000 Head","160000","F","FAO estimate"
"QCL","Crops and livestock products","81","Ghana","5112","Stocks","1057","Chickens","2017","2017","1000 Head","75363","","Official data"
"QCL","Crops and livestock products","81","Ghana","5112","Stocks","1057","Chickens","2018","2018","1000 Head","81955","","Official data"
"QCL","Crops and livestock products","81","Ghana","5112","Stocks","1057","Chickens","2019","2019","1000 Head","89210","","Official data"
"QCL","Crops and livestock products","84","Greece","5112","Stocks","1057","Chickens","2017","2017","1000 Head","37262","","Official data"
"QCL","Crops and livestock products","84","Greece","5112","Stocks","1057","Chickens","2018","2018","1000 Head","37300","","Official data"
"QCL","Crops and livestock products","86","Grenada","5112","Stocks","1057","Chickens","2017","2017","1000 Head","273","Im","FAO data based on imputation methodology"
"QCL","Crops and livestock products","86","Grenada","5112","Stocks","1057","Chickens","2018","2018","1000 Head","271","Im","FAO data based on imputation methodology"
"QCL","Crops and livestock products","86","Grenada","5112","Stocks","1057","Chickens","2019","2019","1000 Head","272","Im","FAO data based on imputation methodology"
"QCL","Crops and livestock products","89","Guatemala","5112","Stocks","1057","Chickens","2017","2017","1000 Head","36038","Im","FAO data based on imputation methodology"
"QCL","Crops and livestock products","89","Guatemala","5112","Stocks","1057","Chickens","2018","2018","1000 Head","36884","Im","FAO data based on imputation methodology"
"QCL","Crops and livestock products","89","Guatemala","5112","Stocks","1057","Chickens","2019","2019","1000 Head","35977","Im","FAO data based on imputation methodology"
"QCL","Crops and livestock products","90","Guinea","5112","Stocks","1057","Chickens","2017","2017","1000 Head","31841","Im","FAO data based on imputation methodology"
"QCL","Crops and livestock products","90","Guinea","5112","Stocks","1057","Chickens","2018","2018","1000 Head","34028","Im","FAO data based on imputation methodology"
"QCL","Crops and livestock products","90","Guinea","5112","Stocks","1057","Chickens","2019","2019","1000 Head","36354","Im","FAO data based on imputation methodology"
"QCL","Crops and livestock products","175","Guinea-Bissau","5112","Stocks","1057","Chickens","2017","2017","1000 Head","2020","Im","FAO data based on imputation methodology"
"QCL","Crops and livestock products","175","Guinea-Bissau","5112","Stocks","1057","Chickens","2018","2018","1000 Head","2076","Im","FAO data based on imputation methodology"
"QCL","Crops and livestock products","175","Guinea-Bissau","5112","Stocks","1057","Chickens","2019","2019","1000 Head","2125","Im","FAO data based on imputation methodology"
"QCL","Crops and livestock products","91","Guyana","5112","Stocks","1057","Chickens","2017","2017","1000 Head","28169","Im","FAO data based on imputation methodology"
"QCL","Crops and livestock products","91","Guyana","5112","Stocks","1057","Chickens","2018","2018","1000 Head","28822","Im","FAO data based on imputation methodology"
"QCL","Crops and livestock products","91","Guyana","5112","Stocks","1057","Chickens","2019","2019","1000 Head","29556","Im","FAO data based on imputation methodology"
"QCL","Crops and livestock products","93","Haiti","5112","Stocks","1057","Chickens","2017","2017","1000 Head","5826","Im","FAO data based on imputation methodology"
"QCL","Crops and livestock products","93","Haiti","5112","Stocks","1057","Chickens","2018","2018","1000 Head","5815","Im","FAO data based on imputation methodology"
"QCL","Crops and livestock products","93","Haiti","5112","Stocks","1057","Chickens","2019","2019","1000 Head","5839","Im","FAO data based on imputation methodology"
"QCL","Crops and livestock products","95","Honduras","5112","Stocks","1057","Chickens","2017","2017","1000 Head","46673","Im","FAO data based on imputation methodology"
"QCL","Crops and livestock products","95","Honduras","5112","Stocks","1057","Chickens","2018","2018","1000 Head","46800","Im","FAO data based on imputation methodology"
"QCL","Crops and livestock products","95","Honduras","5112","Stocks","1057","Chickens","2019","2019","1000 Head","47201","Im","FAO data based on imputation methodology"
"QCL","Crops and livestock products","97","Hungary","5112","Stocks","1057","Chickens","2017","2017","1000 Head","32027","","Official data"
"QCL","Crops and livestock products","97","Hungary","5112","Stocks","1057","Chickens","2018","2018","1000 Head","31844","","Official data"
"QCL","Crops and livestock products","97","Hungary","5112","Stocks","1057","Chickens","2019","2019","1000 Head","30658","","Official data"
"QCL","Crops and livestock products","99","Iceland","5112","Stocks","1057","Chickens","2017","2017","1000 Head","230","","Official data"
"QCL","Crops and livestock products","99","Iceland","5112","Stocks","1057","Chickens","2018","2018","1000 Head","228","","Official data"
"QCL","Crops and livestock products","99","Iceland","5112","Stocks","1057","Chickens","2019","2019","1000 Head","227","","Official data"
"QCL","Crops and livestock products","100","India","5112","Stocks","1057","Chickens","2017","2017","1000 Head","774258","Im","FAO data based on imputation methodology"
"QCL","Crops and livestock products","100","India","5112","Stocks","1057","Chickens","2018","2018","1000 Head","790945","Im","FAO data based on imputation methodology"
"QCL","Crops and livestock products","100","India","5112","Stocks","1057","Chickens","2019","2019","1000 Head","807894","","Official data"
"QCL","Crops and livestock products","101","Indonesia","5112","Stocks","1057","Chickens","2017","2017","1000 Head","3481181","","Official data"
"QCL","Crops and livestock products","101","Indonesia","5112","Stocks","1057","Chickens","2018","2018","1000 Head","3700618","","Official data"
"QCL","Crops and livestock products","101","Indonesia","5112","Stocks","1057","Chickens","2019","2019","1000 Head","3735485","","Official data"
"QCL","Crops and livestock products","102","Iran (Islamic Republic of)","5112","Stocks","1057","Chickens","2017","2017","1000 Head","953000","Im","FAO data based on imputation methodology"
"QCL","Crops and livestock products","102","Iran (Islamic Republic of)","5112","Stocks","1057","Chickens","2018","2018","1000 Head","969715","Im","FAO data based on imputation methodology"
"QCL","Crops and livestock products","102","Iran (Islamic Republic of)","5112","Stocks","1057","Chickens","2019","2019","1000 Head","989042","Im","FAO data based on imputation methodology"
"QCL","Crops and livestock products","103","Iraq","5112","Stocks","1057","Chickens","2017","2017","1000 Head","50073","","Official data"
"QCL","Crops and livestock products","103","Iraq","5112","Stocks","1057","Chickens","2018","2018","1000 Head","54161","","Official data"
"QCL","Crops and livestock products","103","Iraq","5112","Stocks","1057","Chickens","2019","2019","1000 Head","74302","","Official data"
"QCL","Crops and livestock products","104","Ireland","5112","Stocks","1057","Chickens","2017","2017","1000 Head","15504","Im","FAO data based on imputation methodology"
"QCL","Crops and livestock products","105","Israel","5112","Stocks","1057","Chickens","2017","2017","1000 Head","46287","","Official data"
"QCL","Crops and livestock products","105","Israel","5112","Stocks","1057","Chickens","2018","2018","1000 Head","45752","","Official data"
"QCL","Crops and livestock products","105","Israel","5112","Stocks","1057","Chickens","2019","2019","1000 Head","49038","","Official data"
"QCL","Crops and livestock products","106","Italy","5112","Stocks","1057","Chickens","2017","2017","1000 Head","146948","Im","FAO data based on imputation methodology"
"QCL","Crops and livestock products","109","Jamaica","5112","Stocks","1057","Chickens","2017","2017","1000 Head","14165","Im","FAO data based on imputation methodology"
"QCL","Crops and livestock products","109","Jamaica","5112","Stocks","1057","Chickens","2018","2018","1000 Head","14090","Im","FAO data based on imputation methodology"
"QCL","Crops and livestock products","109","Jamaica","5112","Stocks","1057","Chickens","2019","2019","1000 Head","14139","Im","FAO data based on imputation methodology"
"QCL","Crops and livestock products","110","Japan","5112","Stocks","1057","Chickens","2017","2017","1000 Head","313823","","Official data"
"QCL","Crops and livestock products","110","Japan","5112","Stocks","1057","Chickens","2018","2018","1000 Head","323126","","Official data"
"QCL","Crops and livestock products","110","Japan","5112","Stocks","1057","Chickens","2019","2019","1000 Head","323145","","Official data"
"QCL","Crops and livestock products","112","Jordan","5112","Stocks","1057","Chickens","2017","2017","1000 Head","28115","Im","FAO data based on imputation methodology"
"QCL","Crops and livestock products","112","Jordan","5112","Stocks","1057","Chickens","2018","2018","1000 Head","28878","Im","FAO data based on imputation methodology"
"QCL","Crops and livestock products","112","Jordan","5112","Stocks","1057","Chickens","2019","2019","1000 Head","29012","Im","FAO data based on imputation methodology"
"QCL","Crops and livestock products","108","Kazakhstan","5112","Stocks","1057","Chickens","2017","2017","1000 Head","38376","","Official data"
"QCL","Crops and livestock products","108","Kazakhstan","5112","Stocks","1057","Chickens","2018","2018","1000 Head","42782","","Official data"
"QCL","Crops and livestock products","108","Kazakhstan","5112","Stocks","1057","Chickens","2019","2019","1000 Head","43416","","Official data"
"QCL","Crops and livestock products","114","Kenya","5112","Stocks","1057","Chickens","2017","2017","1000 Head","48125","","Official data"
"QCL","Crops and livestock products","114","Kenya","5112","Stocks","1057","Chickens","2018","2018","1000 Head","49889","","Official data"
"QCL","Crops and livestock products","114","Kenya","5112","Stocks","1057","Chickens","2019","2019","1000 Head","56435","","Official data"
"QCL","Crops and livestock products","83","Kiribati","5112","Stocks","1057","Chickens","2017","2017","1000 Head","623","Im","FAO data based on imputation methodology"
"QCL","Crops and livestock products","83","Kiribati","5112","Stocks","1057","Chickens","2018","2018","1000 Head","632","Im","FAO data based on imputation methodology"
"QCL","Crops and livestock products","83","Kiribati","5112","Stocks","1057","Chickens","2019","2019","1000 Head","643","Im","FAO data based on imputation methodology"
"QCL","Crops and livestock products","118","Kuwait","5112","Stocks","1057","Chickens","2017","2017","1000 Head","53012","","Official data"
"QCL","Crops and livestock products","118","Kuwait","5112","Stocks","1057","Chickens","2018","2018","1000 Head","53012","","Official data"
"QCL","Crops and livestock products","118","Kuwait","5112","Stocks","1057","Chickens","2019","2019","1000 Head","53530","","Official data"
"QCL","Crops and livestock products","113","Kyrgyzstan","5112","Stocks","1057","Chickens","2017","2017","1000 Head","4415","","Official data"
"QCL","Crops and livestock products","113","Kyrgyzstan","5112","Stocks","1057","Chickens","2018","2018","1000 Head","4567","","Official data"
"QCL","Crops and livestock products","113","Kyrgyzstan","5112","Stocks","1057","Chickens","2019","2019","1000 Head","4822","","Official data"
"QCL","Crops and livestock products","120","Lao People's Democratic Republic","5112","Stocks","1057","Chickens","2017","2017","1000 Head","36960","","Official data"
"QCL","Crops and livestock products","120","Lao People's Democratic Republic","5112","Stocks","1057","Chickens","2018","2018","1000 Head","39218","","Official data"
"QCL","Crops and livestock products","120","Lao People's Democratic Republic","5112","Stocks","1057","Chickens","2019","2019","1000 Head","43600","","Official data"
"QCL","Crops and livestock products","119","Latvia","5112","Stocks","1057","Chickens","2017","2017","1000 Head","2171","","Official data"
"QCL","Crops and livestock products","119","Latvia","5112","Stocks","1057","Chickens","2018","2018","1000 Head","2303","","Official data"
"QCL","Crops and livestock products","119","Latvia","5112","Stocks","1057","Chickens","2019","2019","1000 Head","2335","","Official data"
"QCL","Crops and livestock products","121","Lebanon","5112","Stocks","1057","Chickens","2017","2017","1000 Head","68876","","Official data"
"QCL","Crops and livestock products","121","Lebanon","5112","Stocks","1057","Chickens","2018","2018","1000 Head","70067","Im","FAO data based on imputation methodology"
"QCL","Crops and livestock products","121","Lebanon","5112","Stocks","1057","Chickens","2019","2019","1000 Head","68126","Im","FAO data based on imputation methodology"
"QCL","Crops and livestock products","122","Lesotho","5112","Stocks","1057","Chickens","2017","2017","1000 Head","433","","Official data"
"QCL","Crops and livestock products","122","Lesotho","5112","Stocks","1057","Chickens","2018","2018","1000 Head","419","","Official data"
"QCL","Crops and livestock products","122","Lesotho","5112","Stocks","1057","Chickens","2019","2019","1000 Head","286","","Official data"
"QCL","Crops and livestock products","123","Liberia","5112","Stocks","1057","Chickens","2017","2017","1000 Head","7840","Im","FAO data based on imputation methodology"
"QCL","Crops and livestock products","123","Liberia","5112","Stocks","1057","Chickens","2018","2018","1000 Head","8083","Im","FAO data based on imputation methodology"
"QCL","Crops and livestock products","123","Liberia","5112","Stocks","1057","Chickens","2019","2019","1000 Head","8380","Im","FAO data based on imputation methodology"
"QCL","Crops and livestock products","124","Libya","5112","Stocks","1057","Chickens","2017","2017","1000 Head","34688","Im","FAO data based on imputation methodology"
"QCL","Crops and livestock products","124","Libya","5112","Stocks","1057","Chickens","2018","2018","1000 Head","35070","Im","FAO data based on imputation methodology"
"QCL","Crops and livestock products","124","Libya","5112","Stocks","1057","Chickens","2019","2019","1000 Head","35732","Im","FAO data based on imputation methodology"
"QCL","Crops and livestock products","126","Lithuania","5112","Stocks","1057","Chickens","2017","2017","1000 Head","9917","","Official data"
"QCL","Crops and livestock products","126","Lithuania","5112","Stocks","1057","Chickens","2018","2018","1000 Head","10204","","Official data"
"QCL","Crops and livestock products","126","Lithuania","5112","Stocks","1057","Chickens","2019","2019","1000 Head","11562","","Official data"
"QCL","Crops and livestock products","256","Luxembourg","5112","Stocks","1057","Chickens","2017","2017","1000 Head","123","","Official data"
"QCL","Crops and livestock products","256","Luxembourg","5112","Stocks","1057","Chickens","2018","2018","1000 Head","123","","Official data"
"QCL","Crops and livestock products","256","Luxembourg","5112","Stocks","1057","Chickens","2019","2019","1000 Head","132","","Official data"
"QCL","Crops and livestock products","129","Madagascar","5112","Stocks","1057","Chickens","2017","2017","1000 Head","38717","","Official data"
"QCL","Crops and livestock products","129","Madagascar","5112","Stocks","1057","Chickens","2018","2018","1000 Head","39488","","Official data"
"QCL","Crops and livestock products","129","Madagascar","5112","Stocks","1057","Chickens","2019","2019","1000 Head","40276","","Official data"
"QCL","Crops and livestock products","130","Malawi","5112","Stocks","1057","Chickens","2017","2017","1000 Head","18526","Im","FAO data based on imputation methodology"
"QCL","Crops and livestock products","130","Malawi","5112","Stocks","1057","Chickens","2018","2018","1000 Head","18810","Im","FAO data based on imputation methodology"
"QCL","Crops and livestock products","130","Malawi","5112","Stocks","1057","Chickens","2019","2019","1000 Head","18559","Im","FAO data based on imputation methodology"
"QCL","Crops and livestock products","131","Malaysia","5112","Stocks","1057","Chickens","2017","2017","1000 Head","293302","","Official data"
"QCL","Crops and livestock products","131","Malaysia","5112","Stocks","1057","Chickens","2018","2018","1000 Head","260826","","Official data"
"QCL","Crops and livestock products","131","Malaysia","5112","Stocks","1057","Chickens","2019","2019","1000 Head","285064","","Official data"
"QCL","Crops and livestock products","133","Mali","5112","Stocks","1057","Chickens","2017","2017","1000 Head","45000","","Official data"
"QCL","Crops and livestock products","133","Mali","5112","Stocks","1057","Chickens","2018","2018","1000 Head","47255","","Official data"
"QCL","Crops and livestock products","133","Mali","5112","Stocks","1057","Chickens","2019","2019","1000 Head","49618","","Official data"
"QCL","Crops and livestock products","134","Malta","5112","Stocks","1057","Chickens","2017","2017","1000 Head","1004","Im","FAO data based on imputation methodology"
"QCL","Crops and livestock products","136","Mauritania","5112","Stocks","1057","Chickens","2017","2017","1000 Head","4646","Im","FAO data based on imputation methodology"
"QCL","Crops and livestock products","136","Mauritania","5112","Stocks","1057","Chickens","2018","2018","1000 Head","4675","Im","FAO data based on imputation methodology"
"QCL","Crops and livestock products","136","Mauritania","5112","Stocks","1057","Chickens","2019","2019","1000 Head","4704","Im","FAO data based on imputation methodology"
"QCL","Crops and livestock products","137","Mauritius","5112","Stocks","1057","Chickens","2017","2017","1000 Head","15901","Im","FAO data based on imputation methodology"
"QCL","Crops and livestock products","137","Mauritius","5112","Stocks","1057","Chickens","2018","2018","1000 Head","15954","Im","FAO data based on imputation methodology"
"QCL","Crops and livestock products","137","Mauritius","5112","Stocks","1057","Chickens","2019","2019","1000 Head","16218","Im","FAO data based on imputation methodology"
"QCL","Crops and livestock products","138","Mexico","5112","Stocks","1057","Chickens","2017","2017","1000 Head","556128","","Official data"
"QCL","Crops and livestock products","138","Mexico","5112","Stocks","1057","Chickens","2018","2018","1000 Head","568372","","Official data"
"QCL","Crops and livestock products","138","Mexico","5112","Stocks","1057","Chickens","2019","2019","1000 Head","580829","","Official data"
"QCL","Crops and livestock products","145","Micronesia (Federated States of)","5112","Stocks","1057","Chickens","2017","2017","1000 Head","190","Im","FAO data based on imputation methodology"
"QCL","Crops and livestock products","145","Micronesia (Federated States of)","5112","Stocks","1057","Chickens","2018","2018","1000 Head","191","Im","FAO data based on imputation methodology"
"QCL","Crops and livestock products","145","Micronesia (Federated States of)","5112","Stocks","1057","Chickens","2019","2019","1000 Head","191","Im","FAO data based on imputation methodology"
"QCL","Crops and livestock products","141","Mongolia","5112","Stocks","1057","Chickens","2017","2017","1000 Head","695","","Official data"
"QCL","Crops and livestock products","141","Mongolia","5112","Stocks","1057","Chickens","2018","2018","1000 Head","878","","Official data"
"QCL","Crops and livestock products","141","Mongolia","5112","Stocks","1057","Chickens","2019","2019","1000 Head","892","","Official data"
"QCL","Crops and livestock products","273","Montenegro","5112","Stocks","1057","Chickens","2017","2017","1000 Head","788","","Official data"
"QCL","Crops and livestock products","273","Montenegro","5112","Stocks","1057","Chickens","2018","2018","1000 Head","666","","Official data"
"QCL","Crops and livestock products","273","Montenegro","5112","Stocks","1057","Chickens","2019","2019","1000 Head","696","Im","FAO data based on imputation methodology"
"QCL","Crops and livestock products","143","Morocco","5112","Stocks","1057","Chickens","2017","2017","1000 Head","204929","Im","FAO data based on imputation methodology"
"QCL","Crops and livestock products","143","Morocco","5112","Stocks","1057","Chickens","2018","2018","1000 Head","207739","Im","FAO data based on imputation methodology"
"QCL","Crops and livestock products","143","Morocco","5112","Stocks","1057","Chickens","2019","2019","1000 Head","212185","Im","FAO data based on imputation methodology"
"QCL","Crops and livestock products","144","Mozambique","5112","Stocks","1057","Chickens","2017","2017","1000 Head","19000","F","FAO estimate"
"QCL","Crops and livestock products","144","Mozambique","5112","Stocks","1057","Chickens","2018","2018","1000 Head","15885","","Official data"
"QCL","Crops and livestock products","144","Mozambique","5112","Stocks","1057","Chickens","2019","2019","1000 Head","48351","","Official data"
"QCL","Crops and livestock products","28","Myanmar","5112","Stocks","1057","Chickens","2017","2017","1000 Head","349171","","Official data"
"QCL","Crops and livestock products","28","Myanmar","5112","Stocks","1057","Chickens","2018","2018","1000 Head","361243","","Official data"
"QCL","Crops and livestock products","28","Myanmar","5112","Stocks","1057","Chickens","2019","2019","1000 Head","335560","Im","FAO data based on imputation methodology"
"QCL","Crops and livestock products","147","Namibia","5112","Stocks","1057","Chickens","2017","2017","1000 Head","4470","Im","FAO data based on imputation methodology"
"QCL","Crops and livestock products","147","Namibia","5112","Stocks","1057","Chickens","2018","2018","1000 Head","4401","Im","FAO data based on imputation methodology"
"QCL","Crops and livestock products","147","Namibia","5112","Stocks","1057","Chickens","2019","2019","1000 Head","4391","Im","FAO data based on imputation methodology"
"QCL","Crops and livestock products","148","Nauru","5112","Stocks","1057","Chickens","2017","2017","1000 Head","5","Im","FAO data based on imputation methodology"
"QCL","Crops and livestock products","148","Nauru","5112","Stocks","1057","Chickens","2018","2018","1000 Head","5","Im","FAO data based on imputation methodology"
"QCL","Crops and livestock products","148","Nauru","5112","Stocks","1057","Chickens","2019","2019","1000 Head","5","Im","FAO data based on imputation methodology"
"QCL","Crops and livestock products","149","Nepal","5112","Stocks","1057","Chickens","2017","2017","1000 Head","70007","","Official data"
"QCL","Crops and livestock products","149","Nepal","5112","Stocks","1057","Chickens","2018","2018","1000 Head","72245","","Official data"
"QCL","Crops and livestock products","149","Nepal","5112","Stocks","1057","Chickens","2019","2019","1000 Head","75709","","Official data"
"QCL","Crops and livestock products","150","Netherlands","5112","Stocks","1057","Chickens","2017","2017","1000 Head","105184","","Official data"
"QCL","Crops and livestock products","153","New Caledonia","5112","Stocks","1057","Chickens","2017","2017","1000 Head","535","Im","FAO data based on imputation methodology"
"QCL","Crops and livestock products","153","New Caledonia","5112","Stocks","1057","Chickens","2018","2018","1000 Head","521","Im","FAO data based on imputation methodology"
"QCL","Crops and livestock products","153","New Caledonia","5112","Stocks","1057","Chickens","2019","2019","1000 Head","521","Im","FAO data based on imputation methodology"
"QCL","Crops and livestock products","156","New Zealand","5112","Stocks","1057","Chickens","2017","2017","1000 Head","23763","","Official data"
"QCL","Crops and livestock products","156","New Zealand","5112","Stocks","1057","Chickens","2018","2018","1000 Head","24162","","Official data"
"QCL","Crops and livestock products","156","New Zealand","5112","Stocks","1057","Chickens","2019","2019","1000 Head","24721","","Official data"
"QCL","Crops and livestock products","157","Nicaragua","5112","Stocks","1057","Chickens","2017","2017","1000 Head","23714","Im","FAO data based on imputation methodology"
"QCL","Crops and livestock products","157","Nicaragua","5112","Stocks","1057","Chickens","2018","2018","1000 Head","24118","Im","FAO data based on imputation methodology"
"QCL","Crops and livestock products","157","Nicaragua","5112","Stocks","1057","Chickens","2019","2019","1000 Head","24567","Im","FAO data based on imputation methodology"
"QCL","Crops and livestock products","158","Niger","5112","Stocks","1057","Chickens","2017","2017","1000 Head","18959","Im","FAO data based on imputation methodology"
"QCL","Crops and livestock products","158","Niger","5112","Stocks","1057","Chickens","2018","2018","1000 Head","19893","","Official data"
"QCL","Crops and livestock products","158","Niger","5112","Stocks","1057","Chickens","2019","2019","1000 Head","20291","","Official data"
"QCL","Crops and livestock products","159","Nigeria","5112","Stocks","1057","Chickens","2017","2017","1000 Head","180073","","Official data"
"QCL","Crops and livestock products","159","Nigeria","5112","Stocks","1057","Chickens","2018","2018","1000 Head","184347","Im","FAO data based on imputation methodology"
"QCL","Crops and livestock products","159","Nigeria","5112","Stocks","1057","Chickens","2019","2019","1000 Head","167385","Im","FAO data based on imputation methodology"
"QCL","Crops and livestock products","160","Niue","5112","Stocks","1057","Chickens","2017","2017","1000 Head","18","Im","FAO data based on imputation methodology"
"QCL","Crops and livestock products","160","Niue","5112","Stocks","1057","Chickens","2018","2018","1000 Head","18","Im","FAO data based on imputation methodology"
"QCL","Crops and livestock products","160","Niue","5112","Stocks","1057","Chickens","2019","2019","1000 Head","18","Im","FAO data based on imputation methodology"
"QCL","Crops and livestock products","154","North Macedonia","5112","Stocks","1057","Chickens","2017","2017","1000 Head","1840","","Official data"
"QCL","Crops and livestock products","154","North Macedonia","5112","Stocks","1057","Chickens","2018","2018","1000 Head","1828","","Official data"
"QCL","Crops and livestock products","154","North Macedonia","5112","Stocks","1057","Chickens","2019","2019","1000 Head","1562","","Official data"
"QCL","Crops and livestock products","162","Norway","5112","Stocks","1057","Chickens","2017","2017","1000 Head","15643","","Official data"
"QCL","Crops and livestock products","162","Norway","5112","Stocks","1057","Chickens","2018","2018","1000 Head","15598","","Official data"
"QCL","Crops and livestock products","162","Norway","5112","Stocks","1057","Chickens","2019","2019","1000 Head","15852","","Official data"
"QCL","Crops and livestock products","221","Oman","5112","Stocks","1057","Chickens","2017","2017","1000 Head","4738","Im","FAO data based on imputation methodology"
"QCL","Crops and livestock products","221","Oman","5112","Stocks","1057","Chickens","2018","2018","1000 Head","4755","Im","FAO data based on imputation methodology"
"QCL","Crops and livestock products","221","Oman","5112","Stocks","1057","Chickens","2019","2019","1000 Head","4792","Im","FAO data based on imputation methodology"
"QCL","Crops and livestock products","165","Pakistan","5112","Stocks","1057","Chickens","2017","2017","1000 Head","1108000","","Official data"
"QCL","Crops and livestock products","165","Pakistan","5112","Stocks","1057","Chickens","2018","2018","1000 Head","1210000","","Official data"
"QCL","Crops and livestock products","165","Pakistan","5112","Stocks","1057","Chickens","2019","2019","1000 Head","1321000","","Official data"
"QCL","Crops and livestock products","299","Palestine","5112","Stocks","1057","Chickens","2017","2017","1000 Head","7302","","Official data"
"QCL","Crops and livestock products","299","Palestine","5112","Stocks","1057","Chickens","2018","2018","1000 Head","10838","","Official data"
"QCL","Crops and livestock products","299","Palestine","5112","Stocks","1057","Chickens","2019","2019","1000 Head","11091","Im","FAO data based on imputation methodology"
"QCL","Crops and livestock products","166","Panama","5112","Stocks","1057","Chickens","2017","2017","1000 Head","25453","","Official data"
"QCL","Crops and livestock products","166","Panama","5112","Stocks","1057","Chickens","2018","2018","1000 Head","26278","","Official data"
"QCL","Crops and livestock products","166","Panama","5112","Stocks","1057","Chickens","2019","2019","1000 Head","28153","","Official data"
"QCL","Crops and livestock products","168","Papua New Guinea","5112","Stocks","1057","Chickens","2017","2017","1000 Head","4560","Im","FAO data based on imputation methodology"
"QCL","Crops and livestock products","168","Papua New Guinea","5112","Stocks","1057","Chickens","2018","2018","1000 Head","4588","Im","FAO data based on imputation methodology"
"QCL","Crops and livestock products","168","Papua New Guinea","5112","Stocks","1057","Chickens","2019","2019","1000 Head","4533","Im","FAO data based on imputation methodology"
"QCL","Crops and livestock products","169","Paraguay","5112","Stocks","1057","Chickens","2017","2017","1000 Head","22316","","Official data"
"QCL","Crops and livestock products","169","Paraguay","5112","Stocks","1057","Chickens","2018","2018","1000 Head","21280","","Official data"
"QCL","Crops and livestock products","169","Paraguay","5112","Stocks","1057","Chickens","2019","2019","1000 Head","24754","","Official data"
"QCL","Crops and livestock products","170","Peru","5112","Stocks","1057","Chickens","2017","2017","1000 Head","156638","","Official data"
"QCL","Crops and livestock products","170","Peru","5112","Stocks","1057","Chickens","2018","2018","1000 Head","160659","","Official data"
"QCL","Crops and livestock products","170","Peru","5112","Stocks","1057","Chickens","2019","2019","1000 Head","168173","","Official data"
"QCL","Crops and livestock products","171","Philippines","5112","Stocks","1057","Chickens","2017","2017","1000 Head","175317","","Official data"
"QCL","Crops and livestock products","171","Philippines","5112","Stocks","1057","Chickens","2018","2018","1000 Head","175772","","Official data"
"QCL","Crops and livestock products","171","Philippines","5112","Stocks","1057","Chickens","2019","2019","1000 Head","186370","","Official data"
"QCL","Crops and livestock products","173","Poland","5112","Stocks","1057","Chickens","2017","2017","1000 Head","177640","","Official data"
"QCL","Crops and livestock products","173","Poland","5112","Stocks","1057","Chickens","2018","2018","1000 Head","182200","","Official data"
"QCL","Crops and livestock products","173","Poland","5112","Stocks","1057","Chickens","2019","2019","1000 Head","183121","","Official data"
"QCL","Crops and livestock products","174","Portugal","5112","Stocks","1057","Chickens","2017","2017","1000 Head","10755","Im","FAO data based on imputation methodology"
"QCL","Crops and livestock products","177","Puerto Rico","5112","Stocks","1057","Chickens","2017","2017","1000 Head","14680","Im","FAO data based on imputation methodology"
"QCL","Crops and livestock products","177","Puerto Rico","5112","Stocks","1057","Chickens","2018","2018","1000 Head","14854","Im","FAO data based on imputation methodology"
"QCL","Crops and livestock products","177","Puerto Rico","5112","Stocks","1057","Chickens","2019","2019","1000 Head","14957","Im","FAO data based on imputation methodology"
"QCL","Crops and livestock products","179","Qatar","5112","Stocks","1057","Chickens","2017","2017","1000 Head","6100","Im","FAO data based on imputation methodology"
"QCL","Crops and livestock products","179","Qatar","5112","Stocks","1057","Chickens","2018","2018","1000 Head","5119","Im","FAO data based on imputation methodology"
"QCL","Crops and livestock products","179","Qatar","5112","Stocks","1057","Chickens","2019","2019","1000 Head","4075","Im","FAO data based on imputation methodology"
"QCL","Crops and livestock products","117","Republic of Korea","5112","Stocks","1057","Chickens","2017","2017","1000 Head","170551","","Official data"
"QCL","Crops and livestock products","117","Republic of Korea","5112","Stocks","1057","Chickens","2018","2018","1000 Head","172993","","Official data"
"QCL","Crops and livestock products","117","Republic of Korea","5112","Stocks","1057","Chickens","2019","2019","1000 Head","172920","","Official data"
"QCL","Crops and livestock products","146","Republic of Moldova","5112","Stocks","1057","Chickens","2017","2017","1000 Head","37992","Im","FAO data based on imputation methodology"
"QCL","Crops and livestock products","146","Republic of Moldova","5112","Stocks","1057","Chickens","2018","2018","1000 Head","40000","F","FAO estimate"
"QCL","Crops and livestock products","146","Republic of Moldova","5112","Stocks","1057","Chickens","2019","2019","1000 Head","39994","Im","FAO data based on imputation methodology"
"QCL","Crops and livestock products","183","Romania","5112","Stocks","1057","Chickens","2017","2017","1000 Head","75690","","Official data"
"QCL","Crops and livestock products","183","Romania","5112","Stocks","1057","Chickens","2018","2018","1000 Head","73289","","Official data"
"QCL","Crops and livestock products","183","Romania","5112","Stocks","1057","Chickens","2019","2019","1000 Head","73993","","Official data"
"QCL","Crops and livestock products","185","Russian Federation","5112","Stocks","1057","Chickens","2017","2017","1000 Head","505768","","Official data"
"QCL","Crops and livestock products","185","Russian Federation","5112","Stocks","1057","Chickens","2018","2018","1000 Head","507050","","Official data"
"QCL","Crops and livestock products","185","Russian Federation","5112","Stocks","1057","Chickens","2019","2019","1000 Head","497395","","Official data"
"QCL","Crops and livestock products","184","Rwanda","5112","Stocks","1057","Chickens","2017","2017","1000 Head","5273","","Official data"
"QCL","Crops and livestock products","184","Rwanda","5112","Stocks","1057","Chickens","2018","2018","1000 Head","5442","","Official data"
"QCL","Crops and livestock products","184","Rwanda","5112","Stocks","1057","Chickens","2019","2019","1000 Head","5547","Im","FAO data based on imputation methodology"
"QCL","Crops and livestock products","188","Saint Kitts and Nevis","5112","Stocks","1057","Chickens","2017","2017","1000 Head","88","Im","FAO data based on imputation methodology"
"QCL","Crops and livestock products","188","Saint Kitts and Nevis","5112","Stocks","1057","Chickens","2018","2018","1000 Head","90","Im","FAO data based on imputation methodology"
"QCL","Crops and livestock products","188","Saint Kitts and Nevis","5112","Stocks","1057","Chickens","2019","2019","1000 Head","91","Im","FAO data based on imputation methodology"
"QCL","Crops and livestock products","189","Saint Lucia","5112","Stocks","1057","Chickens","2017","2017","1000 Head","464","Im","FAO data based on imputation methodology"
"QCL","Crops and livestock products","189","Saint Lucia","5112","Stocks","1057","Chickens","2018","2018","1000 Head","457","Im","FAO data based on imputation methodology"
"QCL","Crops and livestock products","189","Saint Lucia","5112","Stocks","1057","Chickens","2019","2019","1000 Head","457","Im","FAO data based on imputation methodology"
"QCL","Crops and livestock products","191","Saint Vincent and the Grenadines","5112","Stocks","1057","Chickens","2017","2017","1000 Head","250","F","FAO estimate"
"QCL","Crops and livestock products","191","Saint Vincent and the Grenadines","5112","Stocks","1057","Chickens","2018","2018","1000 Head","250","Im","FAO data based on imputation methodology"
"QCL","Crops and livestock products","191","Saint Vincent and the Grenadines","5112","Stocks","1057","Chickens","2019","2019","1000 Head","252","Im","FAO data based on imputation methodology"
"QCL","Crops and livestock products","244","Samoa","5112","Stocks","1057","Chickens","2017","2017","1000 Head","460","Im","FAO data based on imputation methodology"
"QCL","Crops and livestock products","244","Samoa","5112","Stocks","1057","Chickens","2018","2018","1000 Head","442","Im","FAO data based on imputation methodology"
"QCL","Crops and livestock products","244","Samoa","5112","Stocks","1057","Chickens","2019","2019","1000 Head","376","","Official data"
"QCL","Crops and livestock products","193","Sao Tome and Principe","5112","Stocks","1057","Chickens","2017","2017","1000 Head","284","","Official data"
"QCL","Crops and livestock products","193","Sao Tome and Principe","5112","Stocks","1057","Chickens","2018","2018","1000 Head","319","","Official data"
"QCL","Crops and livestock products","193","Sao Tome and Principe","5112","Stocks","1057","Chickens","2019","2019","1000 Head","295","Im","FAO data based on imputation methodology"
"QCL","Crops and livestock products","194","Saudi Arabia","5112","Stocks","1057","Chickens","2017","2017","1000 Head","195119","Im","FAO data based on imputation methodology"
"QCL","Crops and livestock products","194","Saudi Arabia","5112","Stocks","1057","Chickens","2018","2018","1000 Head","195366","Im","FAO data based on imputation methodology"
"QCL","Crops and livestock products","194","Saudi Arabia","5112","Stocks","1057","Chickens","2019","2019","1000 Head","198861","Im","FAO data based on imputation methodology"
"QCL","Crops and livestock products","195","Senegal","5112","Stocks","1057","Chickens","2017","2017","1000 Head","67389","Im","FAO data based on imputation methodology"
"QCL","Crops and livestock products","195","Senegal","5112","Stocks","1057","Chickens","2018","2018","1000 Head","72523","","Official data"
"QCL","Crops and livestock products","195","Senegal","5112","Stocks","1057","Chickens","2019","2019","1000 Head","81419","","Official data"
"QCL","Crops and livestock products","272","Serbia","5112","Stocks","1057","Chickens","2017","2017","1000 Head","16338","","Official data"
"QCL","Crops and livestock products","272","Serbia","5112","Stocks","1057","Chickens","2018","2018","1000 Head","15685","","Official data"
"QCL","Crops and livestock products","272","Serbia","5112","Stocks","1057","Chickens","2019","2019","1000 Head","15417","","Official data"
"QCL","Crops and livestock products","196","Seychelles","5112","Stocks","1057","Chickens","2017","2017","1000 Head","110","Im","FAO data based on imputation methodology"
"QCL","Crops and livestock products","196","Seychelles","5112","Stocks","1057","Chickens","2018","2018","1000 Head","125","Im","FAO data based on imputation methodology"
"QCL","Crops and livestock products","196","Seychelles","5112","Stocks","1057","Chickens","2019","2019","1000 Head","89","Im","FAO data based on imputation methodology"
"QCL","Crops and livestock products","197","Sierra Leone","5112","Stocks","1057","Chickens","2017","2017","1000 Head","21523","","Official data"
"QCL","Crops and livestock products","197","Sierra Leone","5112","Stocks","1057","Chickens","2018","2018","1000 Head","22599","","Official data"
"QCL","Crops and livestock products","197","Sierra Leone","5112","Stocks","1057","Chickens","2019","2019","1000 Head","23729","","Official data"
"QCL","Crops and livestock products","200","Singapore","5112","Stocks","1057","Chickens","2017","2017","1000 Head","3753","Im","FAO data based on imputation methodology"
"QCL","Crops and livestock products","200","Singapore","5112","Stocks","1057","Chickens","2018","2018","1000 Head","3789","Im","FAO data based on imputation methodology"
"QCL","Crops and livestock products","200","Singapore","5112","Stocks","1057","Chickens","2019","2019","1000 Head","3850","Im","FAO data based on imputation methodology"
"QCL","Crops and livestock products","199","Slovakia","5112","Stocks","1057","Chickens","2017","2017","1000 Head","11806","","Official data"
"QCL","Crops and livestock products","199","Slovakia","5112","Stocks","1057","Chickens","2018","2018","1000 Head","13030","","Official data"
"QCL","Crops and livestock products","199","Slovakia","5112","Stocks","1057","Chickens","2019","2019","1000 Head","12853","","Official data"
"QCL","Crops and livestock products","198","Slovenia","5112","Stocks","1057","Chickens","2017","2017","1000 Head","3639","","Official data"
"QCL","Crops and livestock products","198","Slovenia","5112","Stocks","1057","Chickens","2018","2018","1000 Head","3866","","Official data"
"QCL","Crops and livestock products","198","Slovenia","5112","Stocks","1057","Chickens","2019","2019","1000 Head","4028","","Official data"
"QCL","Crops and livestock products","25","Solomon Islands","5112","Stocks","1057","Chickens","2017","2017","1000 Head","243","Im","FAO data based on imputation methodology"
"QCL","Crops and livestock products","25","Solomon Islands","5112","Stocks","1057","Chickens","2018","2018","1000 Head","242","Im","FAO data based on imputation methodology"
"QCL","Crops and livestock products","25","Solomon Islands","5112","Stocks","1057","Chickens","2019","2019","1000 Head","242","Im","FAO data based on imputation methodology"
"QCL","Crops and livestock products","201","Somalia","5112","Stocks","1057","Chickens","2017","2017","1000 Head","3740","Im","FAO data based on imputation methodology"
"QCL","Crops and livestock products","201","Somalia","5112","Stocks","1057","Chickens","2018","2018","1000 Head","3717","Im","FAO data based on imputation methodology"
"QCL","Crops and livestock products","201","Somalia","5112","Stocks","1057","Chickens","2019","2019","1000 Head","3744","Im","FAO data based on imputation methodology"
"QCL","Crops and livestock products","202","South Africa","5112","Stocks","1057","Chickens","2017","2017","1000 Head","178634","Im","FAO data based on imputation methodology"
"QCL","Crops and livestock products","202","South Africa","5112","Stocks","1057","Chickens","2018","2018","1000 Head","176078","Im","FAO data based on imputation methodology"
"QCL","Crops and livestock products","202","South Africa","5112","Stocks","1057","Chickens","2019","2019","1000 Head","177548","Im","FAO data based on imputation methodology"
"QCL","Crops and livestock products","277","South Sudan","5112","Stocks","1057","Chickens","2017","2017","1000 Head","15000","Im","FAO data based on imputation methodology"
"QCL","Crops and livestock products","277","South Sudan","5112","Stocks","1057","Chickens","2018","2018","1000 Head","15000","Im","FAO data based on imputation methodology"
"QCL","Crops and livestock products","277","South Sudan","5112","Stocks","1057","Chickens","2019","2019","1000 Head","15000","Im","FAO data based on imputation methodology"
"QCL","Crops and livestock products","203","Spain","5112","Stocks","1057","Chickens","2017","2017","1000 Head","137500","F","FAO estimate"
"QCL","Crops and livestock products","38","Sri Lanka","5112","Stocks","1057","Chickens","2017","2017","1000 Head","21276","","Official data"
"QCL","Crops and livestock products","38","Sri Lanka","5112","Stocks","1057","Chickens","2018","2018","1000 Head","20531","","Official data"
"QCL","Crops and livestock products","38","Sri Lanka","5112","Stocks","1057","Chickens","2019","2019","1000 Head","20411","","Official data"
"QCL","Crops and livestock products","276","Sudan","5112","Stocks","1057","Chickens","2017","2017","1000 Head","48584","","Official data"
"QCL","Crops and livestock products","276","Sudan","5112","Stocks","1057","Chickens","2018","2018","1000 Head","49294","","Official data"
"QCL","Crops and livestock products","276","Sudan","5112","Stocks","1057","Chickens","2019","2019","1000 Head","50015","","Official data"
"QCL","Crops and livestock products","207","Suriname","5112","Stocks","1057","Chickens","2017","2017","1000 Head","6023","","Official data"
"QCL","Crops and livestock products","207","Suriname","5112","Stocks","1057","Chickens","2018","2018","1000 Head","6362","","Official data"
"QCL","Crops and livestock products","207","Suriname","5112","Stocks","1057","Chickens","2019","2019","1000 Head","6347","","Official data"
"QCL","Crops and livestock products","210","Sweden","5112","Stocks","1057","Chickens","2017","2017","1000 Head","9075","","Official data"
"QCL","Crops and livestock products","210","Sweden","5112","Stocks","1057","Chickens","2018","2018","1000 Head","9196","","Official data"
"QCL","Crops and livestock products","210","Sweden","5112","Stocks","1057","Chickens","2019","2019","1000 Head","9699","","Official data"
"QCL","Crops and livestock products","211","Switzerland","5112","Stocks","1057","Chickens","2017","2017","1000 Head","11409","","Official data"
"QCL","Crops and livestock products","211","Switzerland","5112","Stocks","1057","Chickens","2018","2018","1000 Head","11535","","Official data"
"QCL","Crops and livestock products","211","Switzerland","5112","Stocks","1057","Chickens","2019","2019","1000 Head","11829","","Official data"
"QCL","Crops and livestock products","212","Syrian Arab Republic","5112","Stocks","1057","Chickens","2017","2017","1000 Head","15542","","Official data"
"QCL","Crops and livestock products","212","Syrian Arab Republic","5112","Stocks","1057","Chickens","2018","2018","1000 Head","16477","","Official data"
"QCL","Crops and livestock products","212","Syrian Arab Republic","5112","Stocks","1057","Chickens","2019","2019","1000 Head","18498","","Official data"
"QCL","Crops and livestock products","208","Tajikistan","5112","Stocks","1057","Chickens","2017","2017","1000 Head","5217","","Official data"
"QCL","Crops and livestock products","208","Tajikistan","5112","Stocks","1057","Chickens","2018","2018","1000 Head","6636","","Official data"
"QCL","Crops and livestock products","208","Tajikistan","5112","Stocks","1057","Chickens","2019","2019","1000 Head","9037","","Official data"
"QCL","Crops and livestock products","216","Thailand","5112","Stocks","1057","Chickens","2017","2017","1000 Head","271383","Im","FAO data based on imputation methodology"
"QCL","Crops and livestock products","216","Thailand","5112","Stocks","1057","Chickens","2018","2018","1000 Head","276643","Im","FAO data based on imputation methodology"
"QCL","Crops and livestock products","216","Thailand","5112","Stocks","1057","Chickens","2019","2019","1000 Head","281271","Im","FAO data based on imputation methodology"
"QCL","Crops and livestock products","176","Timor-Leste","5112","Stocks","1057","Chickens","2017","2017","1000 Head","950","F","FAO estimate"
"QCL","Crops and livestock products","176","Timor-Leste","5112","Stocks","1057","Chickens","2018","2018","1000 Head","1033","Im","FAO data based on imputation methodology"
"QCL","Crops and livestock products","176","Timor-Leste","5112","Stocks","1057","Chickens","2019","2019","1000 Head","1146","","Official data"
"QCL","Crops and livestock products","217","Togo","5112","Stocks","1057","Chickens","2017","2017","1000 Head","26797","Im","FAO data based on imputation methodology"
"QCL","Crops and livestock products","217","Togo","5112","Stocks","1057","Chickens","2018","2018","1000 Head","27877","Im","FAO data based on imputation methodology"
"QCL","Crops and livestock products","217","Togo","5112","Stocks","1057","Chickens","2019","2019","1000 Head","29209","Im","FAO data based on imputation methodology"
"QCL","Crops and livestock products","218","Tokelau","5112","Stocks","1057","Chickens","2017","2017","1000 Head","5","Im","FAO data based on imputation methodology"
"QCL","Crops and livestock products","218","Tokelau","5112","Stocks","1057","Chickens","2018","2018","1000 Head","5","Im","FAO data based on imputation methodology"
"QCL","Crops and livestock products","218","Tokelau","5112","Stocks","1057","Chickens","2019","2019","1000 Head","5","Im","FAO data based on imputation methodology"
"QCL","Crops and livestock products","219","Tonga","5112","Stocks","1057","Chickens","2017","2017","1000 Head","339","Im","FAO data based on imputation methodology"
"QCL","Crops and livestock products","219","Tonga","5112","Stocks","1057","Chickens","2018","2018","1000 Head","339","Im","FAO data based on imputation methodology"
"QCL","Crops and livestock products","219","Tonga","5112","Stocks","1057","Chickens","2019","2019","1000 Head","341","Im","FAO data based on imputation methodology"
"QCL","Crops and livestock products","220","Trinidad and Tobago","5112","Stocks","1057","Chickens","2017","2017","1000 Head","37762","Im","FAO data based on imputation methodology"
"QCL","Crops and livestock products","220","Trinidad and Tobago","5112","Stocks","1057","Chickens","2018","2018","1000 Head","37717","Im","FAO data based on imputation methodology"
"QCL","Crops and livestock products","220","Trinidad and Tobago","5112","Stocks","1057","Chickens","2019","2019","1000 Head","37163","Im","FAO data based on imputation methodology"
"QCL","Crops and livestock products","222","Tunisia","5112","Stocks","1057","Chickens","2017","2017","1000 Head","93646","Im","FAO data based on imputation methodology"
"QCL","Crops and livestock products","222","Tunisia","5112","Stocks","1057","Chickens","2018","2018","1000 Head","93418","Im","FAO data based on imputation methodology"
"QCL","Crops and livestock products","222","Tunisia","5112","Stocks","1057","Chickens","2019","2019","1000 Head","94735","Im","FAO data based on imputation methodology"
"QCL","Crops and livestock products","223","Turkey","5112","Stocks","1057","Chickens","2017","2017","1000 Head","342801","","Official data"
"QCL","Crops and livestock products","223","Turkey","5112","Stocks","1057","Chickens","2018","2018","1000 Head","353561","","Official data"
"QCL","Crops and livestock products","223","Turkey","5112","Stocks","1057","Chickens","2019","2019","1000 Head","342567","","Official data"
"QCL","Crops and livestock products","213","Turkmenistan","5112","Stocks","1057","Chickens","2017","2017","1000 Head","16309","Im","FAO data based on imputation methodology"
"QCL","Crops and livestock products","213","Turkmenistan","5112","Stocks","1057","Chickens","2018","2018","1000 Head","16329","Im","FAO data based on imputation methodology"
"QCL","Crops and livestock products","213","Turkmenistan","5112","Stocks","1057","Chickens","2019","2019","1000 Head","16408","Im","FAO data based on imputation methodology"
"QCL","Crops and livestock products","227","Tuvalu","5112","Stocks","1057","Chickens","2017","2017","1000 Head","53","Im","FAO data based on imputation methodology"
"QCL","Crops and livestock products","227","Tuvalu","5112","Stocks","1057","Chickens","2018","2018","1000 Head","54","Im","FAO data based on imputation methodology"
"QCL","Crops and livestock products","227","Tuvalu","5112","Stocks","1057","Chickens","2019","2019","1000 Head","55","Im","FAO data based on imputation methodology"
"QCL","Crops and livestock products","226","Uganda","5112","Stocks","1057","Chickens","2017","2017","1000 Head","33666","Im","FAO data based on imputation methodology"
"QCL","Crops and livestock products","226","Uganda","5112","Stocks","1057","Chickens","2018","2018","1000 Head","34589","Im","FAO data based on imputation methodology"
"QCL","Crops and livestock products","226","Uganda","5112","Stocks","1057","Chickens","2019","2019","1000 Head","35452","Im","FAO data based on imputation methodology"
"QCL","Crops and livestock products","230","Ukraine","5112","Stocks","1057","Chickens","2017","2017","1000 Head","184336","","Official data"
"QCL","Crops and livestock products","230","Ukraine","5112","Stocks","1057","Chickens","2018","2018","1000 Head","186737","","Official data"
"QCL","Crops and livestock products","230","Ukraine","5112","Stocks","1057","Chickens","2019","2019","1000 Head","191968","","Official data"
"QCL","Crops and livestock products","225","United Arab Emirates","5112","Stocks","1057","Chickens","2017","2017","1000 Head","24347","Im","FAO data based on imputation methodology"
"QCL","Crops and livestock products","225","United Arab Emirates","5112","Stocks","1057","Chickens","2018","2018","1000 Head","24485","Im","FAO data based on imputation methodology"
"QCL","Crops and livestock products","225","United Arab Emirates","5112","Stocks","1057","Chickens","2019","2019","1000 Head","25041","Im","FAO data based on imputation methodology"
"QCL","Crops and livestock products","229","United Kingdom of Great Britain and Northern Ireland","5112","Stocks","1057","Chickens","2017","2017","1000 Head","171000","","Official data"
"QCL","Crops and livestock products","229","United Kingdom of Great Britain and Northern Ireland","5112","Stocks","1057","Chickens","2018","2018","1000 Head","178000","","Official data"
"QCL","Crops and livestock products","229","United Kingdom of Great Britain and Northern Ireland","5112","Stocks","1057","Chickens","2019","2019","1000 Head","176000","","Official data"
"QCL","Crops and livestock products","215","United Republic of Tanzania","5112","Stocks","1057","Chickens","2017","2017","1000 Head","37787","Im","FAO data based on imputation methodology"
"QCL","Crops and livestock products","215","United Republic of Tanzania","5112","Stocks","1057","Chickens","2018","2018","1000 Head","37924","Im","FAO data based on imputation methodology"
"QCL","Crops and livestock products","215","United Republic of Tanzania","5112","Stocks","1057","Chickens","2019","2019","1000 Head","38369","Im","FAO data based on imputation methodology"
"QCL","Crops and livestock products","231","United States of America","5112","Stocks","1057","Chickens","2017","2017","1000 Head","8913800","","Official data"
"QCL","Crops and livestock products","231","United States of America","5112","Stocks","1057","Chickens","2018","2018","1000 Head","9038300","","Official data"
"QCL","Crops and livestock products","231","United States of America","5112","Stocks","1057","Chickens","2019","2019","1000 Head","9177200","","Official data"
"QCL","Crops and livestock products","234","Uruguay","5112","Stocks","1057","Chickens","2017","2017","1000 Head","32788","","Official data"
"QCL","Crops and livestock products","234","Uruguay","5112","Stocks","1057","Chickens","2018","2018","1000 Head","31678","","Official data"
"QCL","Crops and livestock products","234","Uruguay","5112","Stocks","1057","Chickens","2019","2019","1000 Head","43894","","Official data"
"QCL","Crops and livestock products","235","Uzbekistan","5112","Stocks","1057","Chickens","2017","2017","1000 Head","63000","F","FAO estimate"
"QCL","Crops and livestock products","235","Uzbekistan","5112","Stocks","1057","Chickens","2018","2018","1000 Head","65831","Im","FAO data based on imputation methodology"
"QCL","Crops and livestock products","235","Uzbekistan","5112","Stocks","1057","Chickens","2019","2019","1000 Head","61156","Im","FAO data based on imputation methodology"
"QCL","Crops and livestock products","155","Vanuatu","5112","Stocks","1057","Chickens","2017","2017","1000 Head","460","Im","FAO data based on imputation methodology"
"QCL","Crops and livestock products","155","Vanuatu","5112","Stocks","1057","Chickens","2018","2018","1000 Head","577","Im","FAO data based on imputation methodology"
"QCL","Crops and livestock products","155","Vanuatu","5112","Stocks","1057","Chickens","2019","2019","1000 Head","549","Im","FAO data based on imputation methodology"
"QCL","Crops and livestock products","236","Venezuela (Bolivarian Republic of)","5112","Stocks","1057","Chickens","2017","2017","1000 Head","128866","Im","FAO data based on imputation methodology"
"QCL","Crops and livestock products","236","Venezuela (Bolivarian Republic of)","5112","Stocks","1057","Chickens","2018","2018","1000 Head","128732","Im","FAO data based on imputation methodology"
"QCL","Crops and livestock products","236","Venezuela (Bolivarian Republic of)","5112","Stocks","1057","Chickens","2019","2019","1000 Head","129827","Im","FAO data based on imputation methodology"
"QCL","Crops and livestock products","237","Viet Nam","5112","Stocks","1057","Chickens","2017","2017","1000 Head","295209","","Official data"
"QCL","Crops and livestock products","237","Viet Nam","5112","Stocks","1057","Chickens","2018","2018","1000 Head","316916","","Official data"
"QCL","Crops and livestock products","237","Viet Nam","5112","Stocks","1057","Chickens","2019","2019","1000 Head","382597","","Official data"
"QCL","Crops and livestock products","249","Yemen","5112","Stocks","1057","Chickens","2017","2017","1000 Head","65000","F","FAO estimate"
"QCL","Crops and livestock products","249","Yemen","5112","Stocks","1057","Chickens","2018","2018","1000 Head","66309","Im","FAO data based on imputation methodology"
"QCL","Crops and livestock products","249","Yemen","5112","Stocks","1057","Chickens","2019","2019","1000 Head","69188","Im","FAO data based on imputation methodology"
"QCL","Crops and livestock products","251","Zambia","5112","Stocks","1057","Chickens","2017","2017","1000 Head","38742","Im","FAO data based on imputation methodology"
"QCL","Crops and livestock products","251","Zambia","5112","Stocks","1057","Chickens","2018","2018","1000 Head","39399","Im","FAO data based on imputation methodology"
"QCL","Crops and livestock products","251","Zambia","5112","Stocks","1057","Chickens","2019","2019","1000 Head","40200","Im","FAO data based on imputation methodology"
"QCL","Crops and livestock products","181","Zimbabwe","5112","Stocks","1057","Chickens","2017","2017","1000 Head","7965","Im","FAO data based on imputation methodology"
"QCL","Crops and livestock products","181","Zimbabwe","5112","Stocks","1057","Chickens","2018","2018","1000 Head","7690","Im","FAO data based on imputation methodology"
"QCL","Crops and livestock products","181","Zimbabwe","5112","Stocks","1057","Chickens","2019","2019","1000 Head","7083","Im","FAO data based on imputation methodology"
